-- phpMyAdmin SQL Dump
-- version 4.5.1
-- http://www.phpmyadmin.net
--
-- Client :  127.0.0.1
-- Généré le :  Lun 05 Juin 2017 à 19:13
-- Version du serveur :  10.1.16-MariaDB
-- Version de PHP :  5.6.24

SET SQL_MODE = "NO_AUTO_VALUE_ON_ZERO";
SET time_zone = "+00:00";


/*!40101 SET @OLD_CHARACTER_SET_CLIENT=@@CHARACTER_SET_CLIENT */;
/*!40101 SET @OLD_CHARACTER_SET_RESULTS=@@CHARACTER_SET_RESULTS */;
/*!40101 SET @OLD_COLLATION_CONNECTION=@@COLLATION_CONNECTION */;
/*!40101 SET NAMES utf8mb4 */;

--
-- Base de données :  `sportyproj`
--

-- --------------------------------------------------------

--
-- Structure de la table `articles`
--

CREATE TABLE `articles` (
  `id` int(10) UNSIGNED NOT NULL COMMENT 'clé primaire',
  `category_id` int(10) UNSIGNED NOT NULL,
  `author` int(10) UNSIGNED NOT NULL COMMENT 'clé étrangère',
  `title` varchar(100) NOT NULL COMMENT 'titre de l''article',
  `content` text NOT NULL COMMENT 'contenu de l''article',
  `image` varchar(200) DEFAULT NULL COMMENT 'image liée à l''article',
  `slug` varchar(100) NOT NULL COMMENT 'titre modifié de l''article',
  `creation_date` datetime NOT NULL DEFAULT CURRENT_TIMESTAMP COMMENT 'date de création',
  `modified_date` datetime DEFAULT NULL ON UPDATE CURRENT_TIMESTAMP COMMENT 'date de modification de l''article'
) ENGINE=InnoDB DEFAULT CHARSET=utf8;

--
-- Contenu de la table `articles`
--

INSERT INTO `articles` (`id`, `category_id`, `author`, `title`, `content`, `image`, `slug`, `creation_date`, `modified_date`) VALUES
(3, 2, 2, 'Article 2', '<p>dqsdqsdqsddq</p>\r\n', NULL, 'article-2', '2017-04-23 14:48:18', '2017-06-04 16:46:08'),
(4, 3, 2, 'Article 2', '<p>dfsfsdf</p>\r\n\r\n<h1>Lorem ipsum</h1>\r\n\r\n<p><strong>sdffdsff</strong></p>\r\n\r\n<p>&nbsp;</p>\r\n\r\n<p><em><strong>contenu</strong></em></p>', NULL, 'article-2', '2017-04-23 16:54:52', NULL),
(11, 3, 2, 'Article avec une belle image', '<h1>Ceci est un article avec une magnifique image !</h1>', 'couloirSprint3.jpg', 'article-avec-une-belle-image', '2017-04-24 11:07:47', '2017-04-24 11:16:55'),
(12, 3, 2, 'Mon nouvel article', '<p>lorem ipsum</p>', 'couloirSprint4.jpg', 'mon-nouvel-article', '2017-05-11 17:09:47', NULL),
(14, 3, 2, 'xss', '<p>sdfsdf</p>', NULL, 'xss', '2017-05-24 14:28:16', NULL),
(16, 3, 2, 'Nouveau record !', '<p>Un nouveau record vient d&#39;être réalisé !</p>', NULL, 'nouveau-record', '2017-05-24 15:24:57', NULL),
(17, 3, 2, 'Les joies de la course', '<p>bla bla bla</p>\r\n\r\n<h1>qsdqsdqdzrzq</h1>\r\n\r\n<p>Ceci est un texte!</p>', 'f8e2419fb6c398aaafba6087e4b2e2a7.jpg', 'les-joies-de-la-course', '2017-05-31 11:41:29', NULL),
(18, 3, 2, 'Téléchargement d''un article!', '<p>dsfdsfsfdsdf</p>', NULL, 'telechargement-d-un-article', '2017-06-01 17:22:45', NULL),
(19, 3, 2, 'Généralement d''un article', '<p>vwvdfgwgwgf</p>', NULL, 'generalement-d-un-article', '2017-06-01 18:32:37', NULL),
(20, 3, 2, 'Titre de l''article', 'Contenu', NULL, 'titre-de-l-article', '2017-06-01 19:14:01', NULL),
(21, 3, 2, 'Mon article avec du contenu', '<p>At vero eos et accusamus et iusto odio dignissimos ducimus qui blanditiis praesentium voluptatum deleniti atque corrupti quos dolores et quas molestias excepturi sint occaecati cupiditate non provident, similique sunt in culpa qui officia deserunt mollitia animi, id est laborum et dolorum fuga. Et harum quidem rerum facilis est et expedita distinctio. Nam libero tempore, cum soluta nobis est eligendi optio cumque nihil impedit quo minus id quod maxime placeat facere possimus, omnis voluptas assumenda est, omnis dolor repellendus. Temporibus autem quibusdam et aut officiis debitis aut rerum necessitatibus saepe eveniet ut et voluptates repudiandae sint et molestiae non recusandae. Itaque earum rerum hic tenetur a sapiente delectus, ut aut reiciendis voluptatibus maiores alias consequatur aut perferendis doloribus asperiores repellat.</p>\r\n\r\n<p>At vero eos et accusamus et iusto odio dignissimos ducimus qui blanditiis praesentium voluptatum deleniti atque corrupti quos dolores et quas molestias excepturi sint occaecati cupiditate non provident, similique sunt in culpa qui officia deserunt mollitia animi, id est laborum et dolorum fuga. Et harum quidem rerum facilis est et expedita distinctio. Nam libero tempore, cum soluta nobis est eligendi optio cumque nihil impedit quo minus id quod maxime placeat facere possimus, omnis voluptas assumenda est, omnis dolor repellendus. Temporibus autem quibusdam et aut officiis debitis aut rerum necessitatibus saepe eveniet ut et voluptates repudiandae sint et molestiae non recusandae. Itaque earum rerum hic tenetur a sapiente delectus, ut aut reiciendis voluptatibus maiores alias consequatur aut perferendis doloribus asperiores repellat.</p>\r\n\r\n<p>At vero eos et accusamus et iusto odio dignissimos ducimus qui blanditiis praesentium voluptatum deleniti atque corrupti quos dolores et quas molestias excepturi sint occaecati cupiditate non provident, similique sunt in culpa qui officia deserunt mollitia animi, id est laborum et dolorum fuga. Et harum quidem rerum facilis est et expedita distinctio. Nam libero tempore, cum soluta nobis est eligendi optio cumque nihil impedit quo minus id quod maxime placeat facere possimus, omnis voluptas assumenda est, omnis dolor repellendus. Temporibus autem quibusdam et aut officiis debitis aut rerum necessitatibus saepe eveniet ut et voluptates repudiandae sint et molestiae non recusandae. Itaque earum rerum hic tenetur a sapiente delectus, ut aut reiciendis voluptatibus maiores alias consequatur aut perferendis doloribus asperiores repellat.</p>\r\n\r\n<p>At vero eos et accusamus et iusto odio dignissimos ducimus qui blanditiis praesentium voluptatum deleniti atque corrupti quos dolores et quas molestias excepturi sint occaecati cupiditate non provident, similique sunt in culpa qui officia deserunt mollitia animi, id est laborum et dolorum fuga. Et harum quidem rerum facilis est et expedita distinctio. Nam libero tempore, cum soluta nobis est eligendi optio cumque nihil impedit quo minus id quod maxime placeat facere possimus, omnis voluptas assumenda est, omnis dolor repellendus. Temporibus autem quibusdam et aut officiis debitis aut rerum necessitatibus saepe eveniet ut et voluptates repudiandae sint et molestiae non recusandae. Itaque earum rerum hic tenetur a sapiente delectus, ut aut reiciendis voluptatibus maiores alias consequatur aut perferendis doloribus asperiores repellat.</p>\r\n\r\n<p>At vero eos et accusamus et iusto odio dignissimos ducimus qui blanditiis praesentium voluptatum deleniti atque corrupti quos dolores et quas molestias excepturi sint occaecati cupiditate non provident, similique sunt in culpa qui officia deserunt mollitia animi, id est laborum et dolorum fuga. Et harum quidem rerum facilis est et expedita distinctio. Nam libero tempore, cum soluta nobis est eligendi optio cumque nihil impedit quo minus id quod maxime placeat facere possimus, omnis voluptas assumenda est, omnis dolor repellendus. Temporibus autem quibusdam et aut officiis debitis aut rerum necessitatibus saepe eveniet ut et voluptates repudiandae sint et molestiae non recusandae. Itaque earum rerum hic tenetur a sapiente delectus, ut aut reiciendis voluptatibus maiores alias consequatur aut perferendis doloribus asperiores repellat.</p>', '6b7e4326cd28cc203f55d84df9db9389.jpg', 'mon-article-avec-du-contenu', '2017-06-03 16:56:04', NULL),
(22, 3, 2, 'faille', '<p>[removed]alert&#40;&#39;ok&#39;&#41;;[removed]</p>', NULL, 'faille', '2017-06-04 11:47:02', NULL),
(23, 3, 2, '[removed]alert&#40;''ok''&#41;;[removed]', '<p>sddsfsfsf</p>', NULL, 'removed-alert-40-ok-41-removed', '2017-06-04 12:18:19', NULL),
(24, 3, 2, '<script>alert(''ok'');</script>', '<p>&lt;script&gt;alert(&#39;ok&#39;);&lt;/script&gt;</p>', NULL, 'script-alert-ok-script', '2017-06-04 16:20:44', NULL),
(25, 1, 2, 'Faille 2', '<p>dfgfdgdgd</p>\r\n\r\n<h2 style="font-style:italic;">sdfdsfsfdsf</h2>\r\n\r\n<h1>sdfdsfdsfsdfsdf</h1>\r\n\r\n<p>&lt;script&gt;alert(&#39;ok);&lt;/script&gt;</p>', NULL, 'faille-2', '2017-06-04 16:25:21', NULL),
(26, 3, 2, 'faile5652', '<h1>sfdfdsf</h1>\r\n\r\n<p>[removed]alert&#40;&#39;ok&#39;&#41;;[removed]</p>\r\n\r\n<p><em>dfsgdsgsg</em></p>\r\n\r\n<p> </p>\r\n\r\n<p><cite><s><strong><em>xvxcvxvxvxvdsg</em></strong></s></cite></p>\r\n', NULL, 'faile5652', '2017-06-05 13:37:05', '2017-06-05 13:37:49'),
(27, 2, 2, 'vcxv', '<p>cbcvbvcb</p>', NULL, 'vcxv', '2017-06-05 16:12:30', NULL),
(28, 2, 2, 'xcvxv', '<p>xcvxv</p>', NULL, 'xcvxv', '2017-06-05 18:56:22', NULL);

-- --------------------------------------------------------

--
-- Structure de la table `athletes`
--

CREATE TABLE `athletes` (
  `id` int(10) UNSIGNED NOT NULL COMMENT 'clé primaire',
  `user_id` int(10) UNSIGNED NOT NULL COMMENT 'clé étrangère',
  `club_id` int(10) UNSIGNED NOT NULL DEFAULT '1' COMMENT 'clé étrangère',
  `register_num` int(10) UNSIGNED NOT NULL COMMENT 'numéro de dossard de l''athlète',
  `category_id` int(10) UNSIGNED NOT NULL COMMENT 'catégorie d''âge de l''athlète'
) ENGINE=InnoDB DEFAULT CHARSET=utf8;

--
-- Contenu de la table `athletes`
--

INSERT INTO `athletes` (`id`, `user_id`, `club_id`, `register_num`, `category_id`) VALUES
(1, 29, 1, 8754, 5),
(2, 32, 1, 4575, 6),
(3, 34, 1, 6214, 6),
(5, 36, 4, 4235, 3),
(7, 38, 4, 4523, 5),
(8, 39, 4, 4521, 6),
(9, 43, 1, 6547, 6),
(10, 48, 1, 36521, 2),
(11, 9, 1, 6325, 6),
(12, 11, 1, 1245, 7),
(13, 56, 6, 455, 3);

-- --------------------------------------------------------

--
-- Structure de la table `category`
--

CREATE TABLE `category` (
  `id` int(10) UNSIGNED NOT NULL,
  `name` varchar(50) NOT NULL
) ENGINE=InnoDB DEFAULT CHARSET=utf8;

--
-- Contenu de la table `category`
--

INSERT INTO `category` (`id`, `name`) VALUES
(1, 'réunion'),
(2, 'compétition'),
(3, 'news');

-- --------------------------------------------------------

--
-- Structure de la table `category_athlete`
--

CREATE TABLE `category_athlete` (
  `id` int(11) UNSIGNED NOT NULL,
  `name` varchar(50) NOT NULL
) ENGINE=InnoDB DEFAULT CHARSET=utf8;

--
-- Contenu de la table `category_athlete`
--

INSERT INTO `category_athlete` (`id`, `name`) VALUES
(1, 'Benjamins'),
(2, 'Minimes'),
(3, 'Cadets'),
(4, 'Juniors'),
(5, 'Espoirs'),
(6, 'Seniors'),
(7, 'Masters');

-- --------------------------------------------------------

--
-- Structure de la table `ci_sessions`
--

CREATE TABLE `ci_sessions` (
  `id` varchar(128) NOT NULL,
  `ip_address` varchar(45) NOT NULL,
  `timestamp` int(10) UNSIGNED NOT NULL DEFAULT '0',
  `data` blob NOT NULL
) ENGINE=InnoDB DEFAULT CHARSET=utf8;

--
-- Contenu de la table `ci_sessions`
--

INSERT INTO `ci_sessions` (`id`, `ip_address`, `timestamp`, `data`) VALUES
('ohou3uov2stracv8v3bgrase8adl0sh5', '::1', 1496151882, 0x5f5f63695f6c6173745f726567656e65726174657c693a313439363135313633323b69647c733a313a2232223b6c6f67696e7c733a343a2265706663223b),
('i21d1dika89hcbj2lumgnlf1u4dh176v', '::1', 1496152820, 0x5f5f63695f6c6173745f726567656e65726174657c693a313439363135323630353b69647c733a313a2232223b6c6f67696e7c733a343a2265706663223b),
('uds2j6riqmarmsccfsfl4qcja6ea598s', '::1', 1496153146, 0x5f5f63695f6c6173745f726567656e65726174657c693a313439363135323937353b69647c733a313a2232223b6c6f67696e7c733a343a2265706663223b),
('51c53e8f7ljmc0lelsbhi2bsqmdmaa16', '::1', 1496153287, 0x5f5f63695f6c6173745f726567656e65726174657c693a313439363135333238373b69647c733a313a2232223b6c6f67696e7c733a343a2265706663223b),
('lv5k4b9oi60v4cui87j5d6u6p7ar7062', '::1', 1496153976, 0x5f5f63695f6c6173745f726567656e65726174657c693a313439363135333735353b69647c733a313a2232223b6c6f67696e7c733a343a2265706663223b),
('d4e7gtf77i7gg9l7o92iju21vdda9viq', '::1', 1496154085, 0x5f5f63695f6c6173745f726567656e65726174657c693a313439363135343036393b69647c733a313a2232223b6c6f67696e7c733a343a2265706663223b),
('hv7bjgeroqdoumdjb506m46q24mjsgeg', '::1', 1496154582, 0x5f5f63695f6c6173745f726567656e65726174657c693a313439363135343433313b69647c733a313a2232223b6c6f67696e7c733a343a2265706663223b),
('q9pu2un47db8tut1blqap7v8ic1t4p3s', '::1', 1496158840, 0x5f5f63695f6c6173745f726567656e65726174657c693a313439363135383535313b69647c733a313a2232223b6c6f67696e7c733a343a2265706663223b),
('ce2q7n44rrvjr9gaf0u8qu2l7sdk9f8a', '::1', 1496159128, 0x5f5f63695f6c6173745f726567656e65726174657c693a313439363135383936333b69647c733a313a2232223b6c6f67696e7c733a343a2265706663223b),
('k8r5la1fl1edpqba9bfitpt0ma1ed7l7', '::1', 1496219784, 0x5f5f63695f6c6173745f726567656e65726174657c693a313439363231393537303b69647c733a313a2232223b6c6f67696e7c733a343a2265706663223b),
('3pq5pac8c7ppo7m4atj79cvk6k1ujj26', '::1', 1496220128, 0x5f5f63695f6c6173745f726567656e65726174657c693a313439363231393931383b69647c733a313a2232223b6c6f67696e7c733a343a2265706663223b),
('leiqrnjdpph9svruglm4utbh79uep9av', '::1', 1496221379, 0x5f5f63695f6c6173745f726567656e65726174657c693a313439363232313132383b69647c733a313a2232223b6c6f67696e7c733a343a2265706663223b),
('0stvc7d4hoolrnkvfor36c8o3ubgbeeb', '::1', 1496221708, 0x5f5f63695f6c6173745f726567656e65726174657c693a313439363232313434383b69647c733a313a2232223b6c6f67696e7c733a343a2265706663223b),
('jlcjrr190tf80q18hjen2as4eft4rk59', '::1', 1496222052, 0x5f5f63695f6c6173745f726567656e65726174657c693a313439363232313835383b69647c733a313a2232223b6c6f67696e7c733a343a2265706663223b),
('hv8t9uu1qb57v0phu20oalgdrh6lrh2a', '::1', 1496223810, 0x5f5f63695f6c6173745f726567656e65726174657c693a313439363232333538393b),
('1poudtdefukcccapnm2rbrjjbvi6ppa0', '::1', 1496224418, 0x5f5f63695f6c6173745f726567656e65726174657c693a313439363232343431383b),
('c5acprm4g0eoq298hckct6kpp1brb0ve', '::1', 1496229209, 0x5f5f63695f6c6173745f726567656e65726174657c693a313439363232383934373b69647c733a313a2232223b6c6f67696e7c733a343a2265706663223b),
('1emo92tb2211vg312vdgejtbl3cahq9s', '::1', 1496229556, 0x5f5f63695f6c6173745f726567656e65726174657c693a313439363232393438343b69647c733a313a2232223b6c6f67696e7c733a343a2265706663223b),
('ne63g6d1eovck07gv2dd79mfsmtlauk6', '::1', 1496230394, 0x5f5f63695f6c6173745f726567656e65726174657c693a313439363233303130313b69647c733a313a2232223b6c6f67696e7c733a343a2265706663223b),
('mdro5ec9cckvce49av79fkquo9o0phg4', '::1', 1496230768, 0x5f5f63695f6c6173745f726567656e65726174657c693a313439363233303437313b69647c733a313a2232223b6c6f67696e7c733a343a2265706663223b),
('4i6p0a2tr96mmjkn3vt3ra88borln8os', '::1', 1496230960, 0x5f5f63695f6c6173745f726567656e65726174657c693a313439363233303738333b),
('7865apl9ctr3vtbqqa31me2k8mr1dhbu', '::1', 1496231323, 0x5f5f63695f6c6173745f726567656e65726174657c693a313439363233313235333b),
('mft57684r88hidckobvok8d2natj99ke', '::1', 1496231934, 0x5f5f63695f6c6173745f726567656e65726174657c693a313439363233313633383b),
('7rh8tj68l5uakuap6t6lgoo3mbpp4cti', '::1', 1496232173, 0x5f5f63695f6c6173745f726567656e65726174657c693a313439363233323030313b),
('9ot7cu5nc47t8hmatsjkcfbc0rpqe56q', '::1', 1496232694, 0x5f5f63695f6c6173745f726567656e65726174657c693a313439363233323436333b),
('fl7tv2r53vvhiig37hg9rutscmrk30q7', '::1', 1496233230, 0x5f5f63695f6c6173745f726567656e65726174657c693a313439363233323934383b),
('a45qaac4g7qj8rvqm38fhoei77aj01ln', '::1', 1496234114, 0x5f5f63695f6c6173745f726567656e65726174657c693a313439363233333834343b),
('b4ind5tjadqhm8em3s86getn62gio5as', '::1', 1496234280, 0x5f5f63695f6c6173745f726567656e65726174657c693a313439363233343136343b),
('umuas7pdicnta7c3t4adpuk5tq7ms16m', '::1', 1496234975, 0x5f5f63695f6c6173745f726567656e65726174657c693a313439363233343833353b),
('u032v0a20qhvnmu2h8h8rmr0l983ntlb', '::1', 1496235163, 0x5f5f63695f6c6173745f726567656e65726174657c693a313439363233353134353b6e6f74696669636174696f6e7c613a323a7b733a333a226d7367223b733a32353a22566f757320c3aa746573206269656e20696e73637269742021223b733a363a22737461747573223b733a373a2273756363657373223b7d5f5f63695f766172737c613a313a7b733a31323a226e6f74696669636174696f6e223b733a333a226e6577223b7d),
('plt1168438vbn8kc8ht38tb3p362pmut', '::1', 1496235739, 0x5f5f63695f6c6173745f726567656e65726174657c693a313439363233353436313b),
('t2l0048p6nli7n6ncooit15jqkisk1rq', '::1', 1496236052, 0x5f5f63695f6c6173745f726567656e65726174657c693a313439363233353736343b),
('b6np5p50n2c8a0gbeje5r39e19g3o2tq', '::1', 1496236958, 0x5f5f63695f6c6173745f726567656e65726174657c693a313439363233363835393b69647c733a313a2232223b6c6f67696e7c733a343a2265706663223b),
('30993kmlc86el21kmdo6s73k0tmtpu1q', '::1', 1496237418, 0x5f5f63695f6c6173745f726567656e65726174657c693a313439363233373239323b69647c733a313a2232223b6c6f67696e7c733a343a2265706663223b),
('1tn7tqi9442tkod2uibcsqddmjhhccg8', '::1', 1496237995, 0x5f5f63695f6c6173745f726567656e65726174657c693a313439363233373738343b69647c733a313a2232223b6c6f67696e7c733a343a2265706663223b),
('epj9ga9q4h6kjph2qv8l0lf00vp9jdpb', '::1', 1496238385, 0x5f5f63695f6c6173745f726567656e65726174657c693a313439363233383130393b69647c733a313a2232223b6c6f67696e7c733a343a2265706663223b),
('9a90se26lqtdbni4i7ep0pktoaq44nsn', '::1', 1496238393, 0x5f5f63695f6c6173745f726567656e65726174657c693a313439363233383339333b),
('tkkl5m405rifhajcvvdi24qr260nlvnb', '::1', 1496238393, 0x5f5f63695f6c6173745f726567656e65726174657c693a313439363233383339333b),
('gpeb2ep49m0o105l08aq53lvuis3clb8', '::1', 1496238853, 0x5f5f63695f6c6173745f726567656e65726174657c693a313439363233383737383b69647c733a313a2232223b6c6f67696e7c733a343a2265706663223b),
('p3gplkundi6d28qson4pa579s3iam2iu', '::1', 1496239217, 0x5f5f63695f6c6173745f726567656e65726174657c693a313439363233393231373b69647c733a313a2232223b6c6f67696e7c733a343a2265706663223b),
('agq9s25s1ka5eir0rna0rkvp1av69r2f', '::1', 1496239794, 0x5f5f63695f6c6173745f726567656e65726174657c693a313439363233393533373b69647c733a323a223433223b6c6f67696e7c733a353a226570666331223b),
('uq1mr08a6fpdllaqi6b6jc72p062g1ei', '::1', 1496240456, 0x5f5f63695f6c6173745f726567656e65726174657c693a313439363234303231373b69647c733a323a223433223b6c6f67696e7c733a353a226570666331223b),
('1dc2v1a3klo26pah3kt9s2kcennbfu29', '::1', 1496240788, 0x5f5f63695f6c6173745f726567656e65726174657c693a313439363234303632313b69647c733a323a223433223b6c6f67696e7c733a353a226570666331223b),
('1r0gueemu5s5gka5q3q37bb7bq2dg901', '::1', 1496241081, 0x5f5f63695f6c6173745f726567656e65726174657c693a313439363234313033333b69647c733a323a223433223b6c6f67696e7c733a353a226570666331223b),
('75igv2se8nvv8g3mjtgvdhl1lbgrbcec', '::1', 1496241586, 0x5f5f63695f6c6173745f726567656e65726174657c693a313439363234313335363b69647c733a323a223433223b6c6f67696e7c733a353a226570666331223b),
('6s880drg26n3dio61754i5qco5bl6q12', '::1', 1496250958, 0x5f5f63695f6c6173745f726567656e65726174657c693a313439363235303838313b),
('k8er8ulpbekg13faefbq5smvfd1j1rkr', '::1', 1496252217, 0x5f5f63695f6c6173745f726567656e65726174657c693a313439363235323135373b),
('e3je3237iiqvg6vc4aroa4vegf3l9ent', '::1', 1496253086, 0x5f5f63695f6c6173745f726567656e65726174657c693a313439363235333031373b),
('3sbqt5v6ug7gigau44fkv7m8ugf80b8e', '::1', 1496305049, 0x5f5f63695f6c6173745f726567656e65726174657c693a313439363330343932313b69647c733a313a2232223b6c6f67696e7c733a343a2265706663223b),
('29taul8eag7l1nmh52vskubbcm168j7p', '::1', 1496306288, 0x5f5f63695f6c6173745f726567656e65726174657c693a313439363330363238373b69647c733a313a2232223b6c6f67696e7c733a343a2265706663223b),
('9ecb975o0p0omjhqdjsbhqrh8045n162', '::1', 1496314877, 0x5f5f63695f6c6173745f726567656e65726174657c693a313439363331343834373b),
('7sa06t5hbg8493o67mucjqjqkfkj8jrb', '::1', 1496315235, 0x5f5f63695f6c6173745f726567656e65726174657c693a313439363331353233353b),
('803g7d4tn2j37r57a87ruti425ad2h46', '::1', 1496315853, 0x5f5f63695f6c6173745f726567656e65726174657c693a313439363331353538303b69647c733a313a2239223b6c6f67696e7c733a343a226d617263223b726f6c657c733a343a2275736572223b),
('1e342phc1legp3grf3vgo656bkmrqa2d', '::1', 1496316300, 0x5f5f63695f6c6173745f726567656e65726174657c693a313439363331363139363b69647c733a313a2239223b6c6f67696e7c733a343a226d617263223b726f6c657c733a343a2275736572223b),
('007o4ptplm5p71eu41e5rde4nuhqkfgd', '::1', 1496317877, 0x5f5f63695f6c6173745f726567656e65726174657c693a313439363331373538373b69647c733a313a2239223b6c6f67696e7c733a343a226d617263223b726f6c657c733a343a2275736572223b),
('mkel9d47d14bn3fm7o4922u2qdb4fbga', '::1', 1496318083, 0x5f5f63695f6c6173745f726567656e65726174657c693a313439363331373839313b69647c733a313a2239223b6c6f67696e7c733a343a226d617263223b726f6c657c733a343a2275736572223b),
('uttkfkr3009umvurbvfmpr83f6190f1q', '::1', 1496318871, 0x5f5f63695f6c6173745f726567656e65726174657c693a313439363331383633363b726f6c657c733a353a2261646d696e223b69647c733a313a2232223b6c6f67696e7c733a343a2265706663223b),
('rqnfh3s6idphb8enmo63vv54232fu3a9', '::1', 1496319163, 0x5f5f63695f6c6173745f726567656e65726174657c693a313439363331393032333b726f6c657c733a353a2261646d696e223b69647c733a313a2232223b6c6f67696e7c733a343a2265706663223b),
('17g2r47e70dcdvfh4elt41fvgvj4q6vn', '::1', 1496320461, 0x5f5f63695f6c6173745f726567656e65726174657c693a313439363332303433333b726f6c657c733a353a2261646d696e223b69647c733a313a2232223b6c6f67696e7c733a343a2265706663223b),
('f6rq0h6m66pmqdd0f4l0pfe5poetc5nv', '::1', 1496320918, 0x5f5f63695f6c6173745f726567656e65726174657c693a313439363332303931383b726f6c657c733a353a2261646d696e223b69647c733a313a2232223b6c6f67696e7c733a343a2265706663223b),
('01hdjpdepqccc6kd2eq1j7cl4stg8it9', '::1', 1496321894, 0x5f5f63695f6c6173745f726567656e65726174657c693a313439363332313633393b726f6c657c733a353a2261646d696e223b69647c733a313a2232223b6c6f67696e7c733a343a2265706663223b),
('824jd8pursppbcnnoo49fls5bi2ietma', '::1', 1496322265, 0x5f5f63695f6c6173745f726567656e65726174657c693a313439363332313939353b726f6c657c733a353a2261646d696e223b69647c733a313a2232223b6c6f67696e7c733a343a2265706663223b),
('fl9ktm5gpmg6cbljulasgjii84tg2c3l', '::1', 1496322314, 0x5f5f63695f6c6173745f726567656e65726174657c693a313439363332323331343b726f6c657c733a353a2261646d696e223b69647c733a313a2232223b6c6f67696e7c733a343a2265706663223b),
('vhhu5hicaeh2feh9egvo4uotsf8923b6', '::1', 1496324510, 0x5f5f63695f6c6173745f726567656e65726174657c693a313439363332343432383b726f6c657c733a353a2261646d696e223b69647c733a313a2232223b6c6f67696e7c733a343a2265706663223b),
('m5a6pib18ceude2ru0difkel8e78hh6r', '::1', 1496325001, 0x5f5f63695f6c6173745f726567656e65726174657c693a313439363332343733393b726f6c657c733a353a2261646d696e223b),
('q8vscb0laofhdo6c3k5m7q34mil417q1', '::1', 1496325207, 0x5f5f63695f6c6173745f726567656e65726174657c693a313439363332353130343b726f6c657c733a353a2261646d696e223b),
('a28q1eqegdhtovu4trk1f49o5rjtlsv2', '::1', 1496328185, 0x5f5f63695f6c6173745f726567656e65726174657c693a313439363332383137353b726f6c657c733a353a2261646d696e223b),
('bak39dm9l6p1v1sinv85enpjaba3hvfo', '::1', 1496328952, 0x5f5f63695f6c6173745f726567656e65726174657c693a313439363332383638303b726f6c657c733a353a2261646d696e223b),
('nunqctvmjepeuddghkstgd0pjjc8r2ob', '::1', 1496329238, 0x5f5f63695f6c6173745f726567656e65726174657c693a313439363332393130303b726f6c657c733a353a2261646d696e223b),
('v7o1m4ivf49jf8pin2617qrnkkjs0c0f', '::1', 1496329768, 0x5f5f63695f6c6173745f726567656e65726174657c693a313439363332393530393b726f6c657c733a353a2261646d696e223b),
('kqepabo27hs54ekrf7mmok4bfledc8as', '::1', 1496330122, 0x5f5f63695f6c6173745f726567656e65726174657c693a313439363332393932373b726f6c657c733a353a2261646d696e223b),
('d6es46svt74ksbqk50tplrfuk254ok0l', '::1', 1496330569, 0x5f5f63695f6c6173745f726567656e65726174657c693a313439363333303533303b726f6c657c733a353a2261646d696e223b69647c733a313a2232223b6c6f67696e7c733a343a2265706663223b),
('cjsuoj5t29584a4e1ghg0v67hm5vkdku', '::1', 1496334757, 0x5f5f63695f6c6173745f726567656e65726174657c693a313439363333343632323b726f6c657c733a353a2261646d696e223b69647c733a313a2232223b6c6f67696e7c733a343a2265706663223b),
('6m598mtmmqa89ktdc0d43ghap0fkbqua', '::1', 1496335155, 0x5f5f63695f6c6173745f726567656e65726174657c693a313439363333353134333b726f6c657c733a353a2261646d696e223b69647c733a313a2232223b6c6f67696e7c733a343a2265706663223b),
('9av4ns8a6ghvcipb2ec0v4kjqiohpam6', '::1', 1496337340, 0x5f5f63695f6c6173745f726567656e65726174657c693a313439363333373232313b726f6c657c733a353a2261646d696e223b69647c733a313a2232223b6c6f67696e7c733a343a2265706663223b),
('tvp8nv27h5sj0s4bkeknct6jcnjk43j5', '::1', 1496339095, 0x5f5f63695f6c6173745f726567656e65726174657c693a313439363333393037373b726f6c657c733a353a2261646d696e223b69647c733a313a2232223b6c6f67696e7c733a343a2265706663223b),
('vn52vrgk5ld5jcobmbd1iu35a0gprj2f', '::1', 1496340448, 0x5f5f63695f6c6173745f726567656e65726174657c693a313439363334303230353b726f6c657c733a353a2261646d696e223b69647c733a313a2232223b6c6f67696e7c733a343a2265706663223b),
('f83uc73etfq1mqdqdnmtmjaq539fq31m', '::1', 1496340847, 0x5f5f63695f6c6173745f726567656e65726174657c693a313439363334303534383b726f6c657c733a353a2261646d696e223b69647c733a313a2232223b6c6f67696e7c733a343a2265706663223b),
('0p26kgtlnn9l2ao6dfttn9r7fuqi95v0', '::1', 1496341223, 0x5f5f63695f6c6173745f726567656e65726174657c693a313439363334313130323b726f6c657c733a353a2261646d696e223b69647c733a313a2232223b6c6f67696e7c733a343a2265706663223b),
('7sjp90ft9me7a8vg75ur0meg1jgqepcs', '::1', 1496389037, 0x5f5f63695f6c6173745f726567656e65726174657c693a313439363338383832323b69647c733a313a2232223b6c6f67696e7c733a343a2265706663223b726f6c657c733a353a2261646d696e223b),
('oj4062ifisnvt8v0qdpc0n1vc39a8ia7', '::1', 1496389133, 0x5f5f63695f6c6173745f726567656e65726174657c693a313439363338393133333b69647c733a313a2232223b6c6f67696e7c733a343a2265706663223b726f6c657c733a353a2261646d696e223b),
('geq3ttf87go6brqruju54ehak3qp9tb4', '::1', 1496390121, 0x5f5f63695f6c6173745f726567656e65726174657c693a313439363338393832333b726f6c657c733a373a226174686c657465223b69647c733a323a223433223b6c6f67696e7c733a353a226570666331223b),
('utqopvqi8svoiuan1j3iejdn00h986k4', '::1', 1496390269, 0x5f5f63695f6c6173745f726567656e65726174657c693a313439363339303133313b726f6c657c733a353a2261646d696e223b69647c733a313a2232223b6c6f67696e7c733a343a2265706663223b),
('fn7vs7h9ho7eqa27qj1miolubsh2ihci', '::1', 1496390543, 0x5f5f63695f6c6173745f726567656e65726174657c693a313439363339303434373b726f6c657c733a353a2261646d696e223b69647c733a313a2232223b6c6f67696e7c733a343a2265706663223b),
('frdgm6dv3horg94uvu0edebqa5f1uonc', '::1', 1496391637, 0x5f5f63695f6c6173745f726567656e65726174657c693a313439363339313633333b726f6c657c733a353a2261646d696e223b69647c733a313a2232223b6c6f67696e7c733a343a2265706663223b6e6f74696669636174696f6e7c613a323a7b733a333a226d7367223b4e3b733a363a22737461747573223b4e3b7d5f5f63695f766172737c613a313a7b733a31323a226e6f74696669636174696f6e223b733a333a226f6c64223b7d),
('kj7kanmrtuec40bjr3p4trg6dnivnmc8', '::1', 1496392784, 0x5f5f63695f6c6173745f726567656e65726174657c693a313439363339323438363b726f6c657c733a353a2261646d696e223b69647c733a313a2232223b6c6f67696e7c733a343a2265706663223b),
('q8ljoh79faqob1vgg4mf6plh0sek3h5i', '::1', 1496393086, 0x5f5f63695f6c6173745f726567656e65726174657c693a313439363339323738373b726f6c657c733a373a226174686c657465223b),
('8i52qddes58c6otl2548lrpd0n37arfm', '::1', 1496393303, 0x5f5f63695f6c6173745f726567656e65726174657c693a313439363339333039323b726f6c657c733a343a2275736572223b69647c733a323a223135223b6c6f67696e7c733a363a22746573743437223b),
('j7thp252bui23sp45rn62dlhsm6jl8gp', '::1', 1496393326, 0x5f5f63695f6c6173745f726567656e65726174657c693a313439363339333332363b),
('skkgeleeaeb3r0jirb3ms6a4aaujs2d2', '::1', 1496393326, 0x5f5f63695f6c6173745f726567656e65726174657c693a313439363339333332363b),
('m47mqg9bqi7dd8oi94ggg6g7ev2t82cl', '::1', 1496394045, 0x5f5f63695f6c6173745f726567656e65726174657c693a313439363339333937303b726f6c657c733a353a2261646d696e223b69647c733a313a2232223b6c6f67696e7c733a343a2265706663223b),
('23jvb5irulorupvu2257nj83vssfc7o4', '::1', 1496394685, 0x5f5f63695f6c6173745f726567656e65726174657c693a313439363339343536363b726f6c657c733a353a2261646d696e223b69647c733a313a2232223b6c6f67696e7c733a343a2265706663223b),
('m1b9ub0ekpt4jutqiev9qgt0h08f4v28', '::1', 1496395026, 0x5f5f63695f6c6173745f726567656e65726174657c693a313439363339343932303b726f6c657c733a353a2261646d696e223b69647c733a313a2232223b6c6f67696e7c733a343a2265706663223b),
('bcf0nnj74fifqheotedvmdmi4tpcignb', '::1', 1496397288, 0x5f5f63695f6c6173745f726567656e65726174657c693a313439363339363938393b726f6c657c733a353a2261646d696e223b69647c733a313a2232223b6c6f67696e7c733a343a2265706663223b),
('0fjnv1opghhbqat8n2spj533c27jtci9', '::1', 1496397545, 0x5f5f63695f6c6173745f726567656e65726174657c693a313439363339373239353b726f6c657c733a353a2261646d696e223b69647c733a313a2232223b6c6f67696e7c733a343a2265706663223b),
('3gevd34no2v1dmjdohks9s62g66plrqj', '::1', 1496397638, 0x5f5f63695f6c6173745f726567656e65726174657c693a313439363339373633383b726f6c657c733a353a2261646d696e223b69647c733a313a2232223b6c6f67696e7c733a343a2265706663223b),
('239ujcpfe00qe98cr277j8n7466o1bfj', '::1', 1496494372, 0x5f5f63695f6c6173745f726567656e65726174657c693a313439363439343337323b),
('cqeu1o23r3vriipqf4fsnbncbt9qfvtj', '::1', 1496494920, 0x5f5f63695f6c6173745f726567656e65726174657c693a313439363439343731393b69647c733a313a2232223b6c6f67696e7c733a343a2265706663223b726f6c657c733a353a2261646d696e223b),
('lqj9edfsgqevfe2dfucpb5fjgmjjb56t', '::1', 1496495762, 0x5f5f63695f6c6173745f726567656e65726174657c693a313439363439353438323b69647c733a313a2232223b6c6f67696e7c733a343a2265706663223b726f6c657c733a353a2261646d696e223b),
('49op66gnpl81pnbiq7m7nlppfnccv7eb', '::1', 1496496673, 0x5f5f63695f6c6173745f726567656e65726174657c693a313439363439363533363b69647c733a313a2232223b6c6f67696e7c733a343a2265706663223b726f6c657c733a353a2261646d696e223b),
('2550ujb3fekp0bf02foe277fst943cm7', '::1', 1496496982, 0x5f5f63695f6c6173745f726567656e65726174657c693a313439363439363935343b69647c733a313a2232223b6c6f67696e7c733a343a2265706663223b726f6c657c733a353a2261646d696e223b),
('k1jt671dkg3u2kua2h9gkkuggh7q7c4v', '::1', 1496497709, 0x5f5f63695f6c6173745f726567656e65726174657c693a313439363439373433363b69647c733a313a2232223b6c6f67696e7c733a343a2265706663223b726f6c657c733a353a2261646d696e223b),
('85cefk5jrjkl3jftmpqakb3uuoaj7enp', '::1', 1496497868, 0x5f5f63695f6c6173745f726567656e65726174657c693a313439363439373738303b69647c733a313a2232223b6c6f67696e7c733a343a2265706663223b726f6c657c733a353a2261646d696e223b),
('hr6bblgs35s5plpsicnju8h6ij1b8195', '::1', 1496498896, 0x5f5f63695f6c6173745f726567656e65726174657c693a313439363439383632353b69647c733a313a2232223b6c6f67696e7c733a343a2265706663223b726f6c657c733a353a2261646d696e223b),
('7040v706pcng2dbpicml5u086jrnr2rb', '::1', 1496499653, 0x5f5f63695f6c6173745f726567656e65726174657c693a313439363439393337303b69647c733a313a2232223b6c6f67696e7c733a343a2265706663223b726f6c657c733a353a2261646d696e223b),
('k68bok7bq833drscoi646j4hdhvmec6r', '::1', 1496500115, 0x5f5f63695f6c6173745f726567656e65726174657c693a313439363439393833333b69647c733a313a2232223b6c6f67696e7c733a343a2265706663223b726f6c657c733a353a2261646d696e223b),
('dc25f38i78l64v2mej0g799qkt3pij91', '::1', 1496500429, 0x5f5f63695f6c6173745f726567656e65726174657c693a313439363530303432393b69647c733a313a2232223b6c6f67696e7c733a343a2265706663223b726f6c657c733a353a2261646d696e223b),
('a9mckn662cr5ugpkfv1pb913idelakq8', '::1', 1496500940, 0x5f5f63695f6c6173745f726567656e65726174657c693a313439363530303831303b69647c733a313a2232223b6c6f67696e7c733a343a2265706663223b726f6c657c733a353a2261646d696e223b),
('3523bp018lf8e4b9plt8s1tstke4hva6', '::1', 1496502003, 0x5f5f63695f6c6173745f726567656e65726174657c693a313439363530313731343b69647c733a313a2232223b6c6f67696e7c733a343a2265706663223b726f6c657c733a353a2261646d696e223b),
('lbeouig7lsjfm4drsg7b1gihm59qjc9d', '::1', 1496502322, 0x5f5f63695f6c6173745f726567656e65726174657c693a313439363530323033323b69647c733a313a2232223b6c6f67696e7c733a343a2265706663223b726f6c657c733a353a2261646d696e223b),
('3721k4lcqk50qshqge54snruqegaguso', '::1', 1496502565, 0x5f5f63695f6c6173745f726567656e65726174657c693a313439363530323339363b69647c733a313a2232223b6c6f67696e7c733a343a2265706663223b726f6c657c733a353a2261646d696e223b6e6f74696669636174696f6e7c613a323a7b733a333a226d7367223b733a34313a22566f74726520636f6d6d656e746169726520c3a0206269656e20c3a974c3a920616a6f7574c3a92021223b733a363a22737461747573223b733a373a2273756363657373223b7d5f5f63695f766172737c613a313a7b733a31323a226e6f74696669636174696f6e223b733a333a226f6c64223b7d),
('frgu0dmn4eo1k6dtimh93mg6sm689eh2', '::1', 1496502988, 0x5f5f63695f6c6173745f726567656e65726174657c693a313439363530323735353b69647c733a313a2232223b6c6f67696e7c733a343a2265706663223b726f6c657c733a353a2261646d696e223b),
('jamonk09s62ccn5monsi611ulvqtjgv0', '::1', 1496559578, 0x5f5f63695f6c6173745f726567656e65726174657c693a313439363535393238333b69647c733a313a2232223b6c6f67696e7c733a343a2265706663223b726f6c657c733a353a2261646d696e223b),
('a26i4iqhnhv2utvrgg4l5bqm97afd434', '::1', 1496559594, 0x5f5f63695f6c6173745f726567656e65726174657c693a313439363535393538363b),
('b5eemvme2cja91qb1s3rofohc9oep2db', '::1', 1496559656, 0x5f5f63695f6c6173745f726567656e65726174657c693a313439363535393635363b),
('icd7rcmlqe8chsn5oqciotkqbgnl1nth', '::1', 1496560409, 0x5f5f63695f6c6173745f726567656e65726174657c693a313439363536303239303b69647c733a313a2232223b6c6f67696e7c733a343a2265706663223b726f6c657c733a353a2261646d696e223b),
('v7p0jl2jkodpita412gmd3ithbmf81nd', '::1', 1496560470, 0x5f5f63695f6c6173745f726567656e65726174657c693a313439363536303437303b),
('epsge58p18p31pp1r8ujmsdehdhjalh0', '::1', 1496560471, 0x5f5f63695f6c6173745f726567656e65726174657c693a313439363536303437313b),
('5ltgvnt2fm334070t6dd5upsknvc889j', '::1', 1496560965, 0x5f5f63695f6c6173745f726567656e65726174657c693a313439363536303936323b69647c733a313a2232223b6c6f67696e7c733a343a2265706663223b726f6c657c733a353a2261646d696e223b),
('50bt9ai44c327md3popi730rvtcs5cnt', '::1', 1496561502, 0x5f5f63695f6c6173745f726567656e65726174657c693a313439363536313237313b69647c733a313a2232223b6c6f67696e7c733a343a2265706663223b726f6c657c733a353a2261646d696e223b),
('e69e470hniikcgpge6lc5uv4ddi2bs00', '::1', 1496561766, 0x5f5f63695f6c6173745f726567656e65726174657c693a313439363536313736333b69647c733a313a2232223b6c6f67696e7c733a343a2265706663223b726f6c657c733a353a2261646d696e223b),
('omd54kbmenes2cmab7jt7o28k73l7dft', '::1', 1496563061, 0x5f5f63695f6c6173745f726567656e65726174657c693a313439363536323736323b69647c733a313a2232223b6c6f67696e7c733a343a2265706663223b726f6c657c733a353a2261646d696e223b),
('2jf75cpq1fuhdqljt1r36ckr2festrlv', '::1', 1496563373, 0x5f5f63695f6c6173745f726567656e65726174657c693a313439363536333135333b69647c733a313a2232223b6c6f67696e7c733a343a2265706663223b726f6c657c733a353a2261646d696e223b),
('dejhtae38b5jo9i082hvhjrfdh04fj0k', '::1', 1496563758, 0x5f5f63695f6c6173745f726567656e65726174657c693a313439363536333531363b69647c733a313a2232223b6c6f67696e7c733a343a2265706663223b726f6c657c733a353a2261646d696e223b),
('mpi4l9fe07efh9cstomtdvi6ep8oqpo1', '::1', 1496563900, 0x5f5f63695f6c6173745f726567656e65726174657c693a313439363536333836343b69647c733a313a2232223b6c6f67696e7c733a343a2265706663223b726f6c657c733a353a2261646d696e223b),
('cidik0hjqo0k1r6uunsue0rj9frsi269', '::1', 1496564861, 0x5f5f63695f6c6173745f726567656e65726174657c693a313439363536343539313b69647c733a313a2232223b6c6f67696e7c733a343a2265706663223b726f6c657c733a353a2261646d696e223b),
('ngidq7q6vef4j4nenejumif427fe1q1j', '::1', 1496565182, 0x5f5f63695f6c6173745f726567656e65726174657c693a313439363536343930363b69647c733a313a2232223b6c6f67696e7c733a343a2265706663223b726f6c657c733a353a2261646d696e223b),
('44krk2vh55upnlm7mlkrtjekdcjpb5da', '::1', 1496565507, 0x5f5f63695f6c6173745f726567656e65726174657c693a313439363536353232343b69647c733a313a2232223b6c6f67696e7c733a343a2265706663223b726f6c657c733a353a2261646d696e223b),
('flkjosl1s9bu9gacghb1vcjme0uqsflr', '::1', 1496566022, 0x5f5f63695f6c6173745f726567656e65726174657c693a313439363536353732343b69647c733a313a2232223b6c6f67696e7c733a343a2265706663223b726f6c657c733a353a2261646d696e223b),
('fr20fg0ppcqgh759kcfa17md01bdbk5j', '::1', 1496566134, 0x5f5f63695f6c6173745f726567656e65726174657c693a313439363536363036373b69647c733a313a2232223b6c6f67696e7c733a343a2265706663223b726f6c657c733a353a2261646d696e223b),
('caotp4nr1ep00a6k75380evrvndfalcu', '::1', 1496566668, 0x5f5f63695f6c6173745f726567656e65726174657c693a313439363536363337313b69647c733a313a2232223b6c6f67696e7c733a343a2265706663223b726f6c657c733a353a2261646d696e223b),
('8mmh5muqriiebfr1c5a3jnp04vmlnq6k', '::1', 1496567201, 0x5f5f63695f6c6173745f726567656e65726174657c693a313439363536363930343b69647c733a313a2232223b6c6f67696e7c733a343a2265706663223b726f6c657c733a353a2261646d696e223b),
('9ailm8pri5hbcrkatmd7vgvopi1dcgqc', '::1', 1496567383, 0x5f5f63695f6c6173745f726567656e65726174657c693a313439363536373231303b69647c733a313a2232223b6c6f67696e7c733a343a2265706663223b726f6c657c733a353a2261646d696e223b),
('gbj7mu7g5vl5ja094gkodknfucckt7bi', '::1', 1496567693, 0x5f5f63695f6c6173745f726567656e65726174657c693a313439363536373532353b69647c733a313a2232223b6c6f67696e7c733a343a2265706663223b726f6c657c733a353a2261646d696e223b),
('e3u7kb7dc4j1qv7o1n9v4ijj1c8sgt5r', '::1', 1496568430, 0x5f5f63695f6c6173745f726567656e65726174657c693a313439363536383139323b69647c733a313a2232223b6c6f67696e7c733a343a2265706663223b726f6c657c733a353a2261646d696e223b),
('dcfdg5bnie6ujhpad7g2u6k2np6bu1gs', '::1', 1496568799, 0x5f5f63695f6c6173745f726567656e65726174657c693a313439363536383531353b69647c733a313a2232223b6c6f67696e7c733a343a2265706663223b726f6c657c733a353a2261646d696e223b),
('q3qi1b0ftaq0b27jod5nil5aoakah9n4', '::1', 1496568956, 0x5f5f63695f6c6173745f726567656e65726174657c693a313439363536383836323b69647c733a313a2232223b6c6f67696e7c733a343a2265706663223b726f6c657c733a353a2261646d696e223b),
('r9meses0t58o14k9v5unokt0aptplauf', '::1', 1496569650, 0x5f5f63695f6c6173745f726567656e65726174657c693a313439363536393335333b69647c733a313a2232223b6c6f67696e7c733a343a2265706663223b726f6c657c733a353a2261646d696e223b),
('ot5g13jtr75nv2nngpeu8k736qd300mg', '::1', 1496569742, 0x5f5f63695f6c6173745f726567656e65726174657c693a313439363536393635343b69647c733a313a2232223b6c6f67696e7c733a343a2265706663223b726f6c657c733a353a2261646d696e223b),
('e5uj1tiosode51m3fii2642avngk3b5i', '::1', 1496570090, 0x5f5f63695f6c6173745f726567656e65726174657c693a313439363537303039303b69647c733a313a2232223b6c6f67696e7c733a343a2265706663223b726f6c657c733a353a2261646d696e223b),
('itdov1qk885gt37d5kd2vtug69jojnot', '::1', 1496571011, 0x5f5f63695f6c6173745f726567656e65726174657c693a313439363537303739333b69647c733a313a2232223b6c6f67696e7c733a343a2265706663223b726f6c657c733a353a2261646d696e223b),
('ao0moso6acbrlore61508144g0a93uf3', '::1', 1496571308, 0x5f5f63695f6c6173745f726567656e65726174657c693a313439363537313136363b69647c733a313a2232223b6c6f67696e7c733a343a2265706663223b726f6c657c733a353a2261646d696e223b),
('mdhc153n7rohrd2pb6f6tqodl8hs8ibr', '::1', 1496571499, 0x5f5f63695f6c6173745f726567656e65726174657c693a313439363537313436373b69647c733a313a2232223b6c6f67696e7c733a343a2265706663223b726f6c657c733a353a2261646d696e223b),
('stngdslr1j6jlheqtv7sk989ndru3k26', '::1', 1496576635, 0x5f5f63695f6c6173745f726567656e65726174657c693a313439363537363633353b69647c733a313a2232223b6c6f67696e7c733a343a2265706663223b726f6c657c733a353a2261646d696e223b),
('dcr94ugb8lcae9r1g08utrrfdnta222i', '::1', 1496578687, 0x5f5f63695f6c6173745f726567656e65726174657c693a313439363537383431323b69647c733a313a2232223b6c6f67696e7c733a343a2265706663223b726f6c657c733a353a2261646d696e223b),
('lh9mhvmrosdnqp4vrjlvk3nu0atb0ld3', '::1', 1496581383, 0x5f5f63695f6c6173745f726567656e65726174657c693a313439363538313138313b69647c733a313a2232223b6c6f67696e7c733a343a2265706663223b726f6c657c733a353a2261646d696e223b),
('vlbkl1atc2aes9p4dibptbdq8ong5s1q', '::1', 1496582097, 0x5f5f63695f6c6173745f726567656e65726174657c693a313439363538313932393b69647c733a313a2232223b6c6f67696e7c733a343a2265706663223b726f6c657c733a353a2261646d696e223b),
('l9rhmlcnihmm8fmlok49lrbb54s7bjoe', '::1', 1496582644, 0x5f5f63695f6c6173745f726567656e65726174657c693a313439363538323337313b69647c733a313a2232223b6c6f67696e7c733a343a2265706663223b726f6c657c733a353a2261646d696e223b),
('nqignggr4ad772ace531o1d3jikabjmt', '::1', 1496583021, 0x5f5f63695f6c6173745f726567656e65726174657c693a313439363538323736363b69647c733a313a2232223b6c6f67696e7c733a343a2265706663223b726f6c657c733a353a2261646d696e223b),
('fgffnoompfdnrleskeam0ckt2ttjlkdo', '::1', 1496583314, 0x5f5f63695f6c6173745f726567656e65726174657c693a313439363538333037313b69647c733a313a2232223b6c6f67696e7c733a343a2265706663223b726f6c657c733a353a2261646d696e223b),
('hih8fs001m8pte2ds3em1sfst877gomu', '::1', 1496583634, 0x5f5f63695f6c6173745f726567656e65726174657c693a313439363538333337333b69647c733a313a2232223b6c6f67696e7c733a343a2265706663223b726f6c657c733a353a2261646d696e223b),
('m2v83p0b61gegf8lbivifb3pgn3cfa0v', '::1', 1496583680, 0x5f5f63695f6c6173745f726567656e65726174657c693a313439363538333638303b69647c733a313a2232223b6c6f67696e7c733a343a2265706663223b726f6c657c733a353a2261646d696e223b),
('umtcoe3g36v9gk5o7df3iop5c7a25v4f', '::1', 1496586275, 0x5f5f63695f6c6173745f726567656e65726174657c693a313439363538363030393b69647c733a313a2232223b6c6f67696e7c733a343a2265706663223b726f6c657c733a353a2261646d696e223b),
('7a177u7r27942edrll64d8fuhkikbvu3', '::1', 1496586475, 0x5f5f63695f6c6173745f726567656e65726174657c693a313439363538363332313b69647c733a313a2232223b6c6f67696e7c733a343a2265706663223b726f6c657c733a353a2261646d696e223b),
('g215upveu9np83n9fd109r2fr1r8p5l7', '::1', 1496587619, 0x5f5f63695f6c6173745f726567656e65726174657c693a313439363538373331393b69647c733a313a2232223b6c6f67696e7c733a343a2265706663223b726f6c657c733a353a2261646d696e223b),
('e1sjircth9qrh8252e7t69rbm0521gio', '::1', 1496587800, 0x5f5f63695f6c6173745f726567656e65726174657c693a313439363538373633383b69647c733a313a2232223b6c6f67696e7c733a343a2265706663223b726f6c657c733a353a2261646d696e223b),
('e2lrail4p2dhf2v8pjvkish8hjkvnvu5', '::1', 1496588173, 0x5f5f63695f6c6173745f726567656e65726174657c693a313439363538373935333b69647c733a313a2232223b6c6f67696e7c733a343a2265706663223b726f6c657c733a353a2261646d696e223b),
('dn1i6bcnvn10hhhs3plg0u8b8h5rkjbs', '::1', 1496588442, 0x5f5f63695f6c6173745f726567656e65726174657c693a313439363538383330373b69647c733a313a2232223b6c6f67696e7c733a343a2265706663223b726f6c657c733a353a2261646d696e223b6e6f74696669636174696f6e7c613a323a7b733a333a226d7367223b733a32333a224974696ec3a97261697265207375707072696dc3a92021223b733a363a22737461747573223b733a373a2273756363657373223b7d5f5f63695f766172737c613a313a7b733a31323a226e6f74696669636174696f6e223b733a333a226f6c64223b7d),
('k3vk7oejmtf38o6inojukh668c8fu4j7', '::1', 1496603523, 0x5f5f63695f6c6173745f726567656e65726174657c693a313439363630333337383b69647c733a313a2232223b6c6f67696e7c733a343a2265706663223b726f6c657c733a353a2261646d696e223b),
('i5rid3nmrh4vbrq61pchcgr2hqdd2kaa', '::1', 1496604464, 0x5f5f63695f6c6173745f726567656e65726174657c693a313439363630343230393b69647c733a313a2232223b6c6f67696e7c733a343a2265706663223b726f6c657c733a353a2261646d696e223b),
('mfffocb8ljgupkljnkmv8ec4v1k7hqnj', '::1', 1496604520, 0x5f5f63695f6c6173745f726567656e65726174657c693a313439363630343532303b),
('422q42tomd2gn9467hc9lp2nq2a88u7s', '::1', 1496604540, 0x5f5f63695f6c6173745f726567656e65726174657c693a313439363630343534303b69647c733a313a2232223b6c6f67696e7c733a343a2265706663223b726f6c657c733a353a2261646d696e223b),
('ph9sc8pg7rpgi9liesembdpft89831d3', '::1', 1496605220, 0x5f5f63695f6c6173745f726567656e65726174657c693a313439363630343933353b69647c733a313a2232223b6c6f67696e7c733a343a2265706663223b726f6c657c733a353a2261646d696e223b),
('1bm274fnji91g169pvlogtbat5ttvoob', '::1', 1496605454, 0x5f5f63695f6c6173745f726567656e65726174657c693a313439363630353234363b69647c733a313a2232223b6c6f67696e7c733a343a2265706663223b726f6c657c733a353a2261646d696e223b),
('4a0t1u3bge9jn4e4rqg06rau3pha7pre', '::1', 1496605551, 0x5f5f63695f6c6173745f726567656e65726174657c693a313439363630353535313b69647c733a313a2232223b6c6f67696e7c733a343a2265706663223b726f6c657c733a353a2261646d696e223b),
('lf81rgqjjsrnj7npdouak2if46spro05', '::1', 1496606166, 0x5f5f63695f6c6173745f726567656e65726174657c693a313439363630353836363b69647c733a313a2232223b6c6f67696e7c733a343a2265706663223b726f6c657c733a353a2261646d696e223b),
('tl04mn8d4rgjff57660pi8sifdu4pthq', '::1', 1496606375, 0x5f5f63695f6c6173745f726567656e65726174657c693a313439363630363138303b69647c733a313a2232223b6c6f67696e7c733a343a2265706663223b726f6c657c733a353a2261646d696e223b),
('70u6qnqd32qh8gojei0pm5bv4daf6cvv', '::1', 1496606729, 0x5f5f63695f6c6173745f726567656e65726174657c693a313439363630363637393b69647c733a313a2232223b6c6f67696e7c733a343a2265706663223b726f6c657c733a353a2261646d696e223b),
('ntvfigdocmkhmou6p7til77uglr4qq7v', '::1', 1496647543, 0x5f5f63695f6c6173745f726567656e65726174657c693a313439363634373439333b69647c733a313a2232223b6c6f67696e7c733a343a2265706663223b726f6c657c733a353a2261646d696e223b),
('7mpnlriduinjnl03lldfkp25stt1v0fo', '::1', 1496647585, 0x5f5f63695f6c6173745f726567656e65726174657c693a313439363634373538353b),
('pcbrd1qs50c752m2k5v5p9pr5e78d128', '::1', 1496648026, 0x5f5f63695f6c6173745f726567656e65726174657c693a313439363634373832333b69647c733a313a2232223b6c6f67696e7c733a343a2265706663223b726f6c657c733a353a2261646d696e223b),
('90r8u6fii2qqgm1lqr0tlj9u416132q4', '::1', 1496648346, 0x5f5f63695f6c6173745f726567656e65726174657c693a313439363634383334363b69647c733a313a2232223b6c6f67696e7c733a343a2265706663223b726f6c657c733a353a2261646d696e223b),
('tl2gus2hdjjmpru8nf4830mb34afl6sq', '::1', 1496648986, 0x5f5f63695f6c6173745f726567656e65726174657c693a313439363634383638373b69647c733a313a2232223b6c6f67696e7c733a343a2265706663223b726f6c657c733a353a2261646d696e223b),
('fbv5q1qu3okt77t3l1uejeqbvr8vfach', '::1', 1496649191, 0x5f5f63695f6c6173745f726567656e65726174657c693a313439363634383939333b69647c733a313a2232223b6c6f67696e7c733a343a2265706663223b726f6c657c733a353a2261646d696e223b),
('bkbi8njnj8jrsh3k2al9tkhbae2ri3s3', '::1', 1496649365, 0x5f5f63695f6c6173745f726567656e65726174657c693a313439363634393333353b69647c733a313a2232223b6c6f67696e7c733a343a2265706663223b726f6c657c733a353a2261646d696e223b),
('ba17jafqks4l6q9ujof607abc61qs8a3', '::1', 1496650039, 0x5f5f63695f6c6173745f726567656e65726174657c693a313439363634393735383b69647c733a313a2232223b6c6f67696e7c733a343a2265706663223b726f6c657c733a353a2261646d696e223b),
('v059m3rssff72mist00676q00b553tf3', '::1', 1496650228, 0x5f5f63695f6c6173745f726567656e65726174657c693a313439363635303038343b69647c733a313a2232223b6c6f67696e7c733a343a2265706663223b726f6c657c733a353a2261646d696e223b),
('1ke10ucp1uqnltko72pg9ul5di2sjqf8', '::1', 1496650753, 0x5f5f63695f6c6173745f726567656e65726174657c693a313439363635303435333b69647c733a313a2232223b6c6f67696e7c733a343a2265706663223b726f6c657c733a353a2261646d696e223b),
('l3c65pq5m0gb5qs52epl5n8egi4f1r12', '::1', 1496651275, 0x5f5f63695f6c6173745f726567656e65726174657c693a313439363635303938313b69647c733a313a2239223b6c6f67696e7c733a343a226d617263223b726f6c657c733a373a226174686c657465223b),
('7bsk9d31jsj1r4m2ekm98sh5kc1c9bhl', '::1', 1496651600, 0x5f5f63695f6c6173745f726567656e65726174657c693a313439363635313530383b69647c733a313a2239223b6c6f67696e7c733a343a226d617263223b726f6c657c733a373a226174686c657465223b),
('7v6vfnk9klemh1ta2vc4h201uu2qtmr5', '::1', 1496652114, 0x5f5f63695f6c6173745f726567656e65726174657c693a313439363635313833383b69647c733a313a2239223b6c6f67696e7c733a343a226d617263223b726f6c657c733a373a226174686c657465223b6e6f74696669636174696f6e7c613a323a7b733a333a226d7367223b733a33373a224c276974696ec3a972616972652061206269656e20c3a974c3a9206d6f64696669c3a92021223b733a363a22737461747573223b733a373a2273756363657373223b7d5f5f63695f766172737c613a313a7b733a31323a226e6f74696669636174696f6e223b733a333a226f6c64223b7d),
('brqfa53if9qm6topnds2lh0bpcgkfqvd', '::1', 1496652398, 0x5f5f63695f6c6173745f726567656e65726174657c693a313439363635323134303b69647c733a313a2239223b6c6f67696e7c733a343a226d617263223b726f6c657c733a373a226174686c657465223b),
('9fl7aag3129i2jsh7enmbgv7118lfsfv', '::1', 1496652769, 0x5f5f63695f6c6173745f726567656e65726174657c693a313439363635323437343b69647c733a313a2239223b6c6f67696e7c733a343a226d617263223b726f6c657c733a373a226174686c657465223b),
('us53gtkru4hbvrakfplbnq4dri2igqsi', '::1', 1496652856, 0x5f5f63695f6c6173745f726567656e65726174657c693a313439363635323833373b69647c733a313a2239223b6c6f67696e7c733a343a226d617263223b726f6c657c733a373a226174686c657465223b),
('2gufidt2gapb7robjjlijtabrc6b25ni', '::1', 1496654642, 0x5f5f63695f6c6173745f726567656e65726174657c693a313439363635343538353b69647c733a313a2239223b6c6f67696e7c733a343a226d617263223b726f6c657c733a373a226174686c657465223b),
('kq3h7mo7f28b5rm5av05gt125a9s641f', '::1', 1496655492, 0x5f5f63695f6c6173745f726567656e65726174657c693a313439363635353233383b69647c733a313a2239223b6c6f67696e7c733a343a226d617263223b726f6c657c733a373a226174686c657465223b),
('9epjmgoguudlumd7tl0m3ufottjh3cnd', '::1', 1496655681, 0x5f5f63695f6c6173745f726567656e65726174657c693a313439363635353632333b69647c733a313a2239223b6c6f67696e7c733a343a226d617263223b726f6c657c733a373a226174686c657465223b),
('4895he1dr0fr8ufdn9bgiq99a2tudedc', '::1', 1496656296, 0x5f5f63695f6c6173745f726567656e65726174657c693a313439363635363030303b69647c733a313a2239223b6c6f67696e7c733a343a226d617263223b726f6c657c733a373a226174686c657465223b),
('9verv7ltepaje64itbnksm6eehs9hueo', '::1', 1496656379, 0x5f5f63695f6c6173745f726567656e65726174657c693a313439363635363331363b),
('q783fn63i64evv0mkch9rom5bjrancib', '::1', 1496661954, 0x5f5f63695f6c6173745f726567656e65726174657c693a313439363636313730343b69647c733a313a2239223b6c6f67696e7c733a343a226d617263223b726f6c657c733a373a226174686c657465223b),
('g0gj4rucda20644tcf7cgb35n2h0b7nl', '::1', 1496662042, 0x5f5f63695f6c6173745f726567656e65726174657c693a313439363636323034323b69647c733a313a2239223b6c6f67696e7c733a343a226d617263223b726f6c657c733a373a226174686c657465223b),
('50d8g3f4rbo5f6j6fn4funrcfs7f6e1f', '::1', 1496662738, 0x5f5f63695f6c6173745f726567656e65726174657c693a313439363636323537393b69647c733a313a2232223b6c6f67696e7c733a343a2265706663223b726f6c657c733a353a2261646d696e223b),
('0eqoob6ap80505hepqqm59v8qeu81vpp', '::1', 1496663779, 0x5f5f63695f6c6173745f726567656e65726174657c693a313439363636333737393b69647c733a313a2232223b6c6f67696e7c733a343a2265706663223b726f6c657c733a353a2261646d696e223b),
('po6fnrsd7cmbckh1p09c0sjm2cs8bt04', '::1', 1496664412, 0x5f5f63695f6c6173745f726567656e65726174657c693a313439363636343137333b69647c733a313a2239223b6c6f67696e7c733a343a226d617263223b726f6c657c733a373a226174686c657465223b),
('6neotut9koul3hloip59dp7tldv03j1o', '::1', 1496664935, 0x5f5f63695f6c6173745f726567656e65726174657c693a313439363636343733373b69647c733a313a2239223b6c6f67696e7c733a343a226d617263223b726f6c657c733a373a226174686c657465223b),
('10rgddhf7uvqbgcn6t4qcvhkcvgpagre', '::1', 1496665164, 0x5f5f63695f6c6173745f726567656e65726174657c693a313439363636353130393b69647c733a313a2239223b6c6f67696e7c733a343a226d617263223b726f6c657c733a373a226174686c657465223b),
('o1hm36bh8027ciginbamvdcm02lg7dq2', '::1', 1496666069, 0x5f5f63695f6c6173745f726567656e65726174657c693a313439363636353936383b69647c733a313a2239223b6c6f67696e7c733a343a226d617263223b726f6c657c733a373a226174686c657465223b),
('6tg04j1217kdrneru2a5bdqoen9029me', '::1', 1496666387, 0x5f5f63695f6c6173745f726567656e65726174657c693a313439363636363337333b69647c733a313a2239223b6c6f67696e7c733a343a226d617263223b726f6c657c733a373a226174686c657465223b),
('88geoudf4k0gqqrocsq11kbf1ikgiqut', '::1', 1496666524, 0x5f5f63695f6c6173745f726567656e65726174657c693a313439363636363430303b),
('eqfd1qaajk2vkeqfekst0jbnlcjvlr89', '::1', 1496666863, 0x5f5f63695f6c6173745f726567656e65726174657c693a313439363636363734323b),
('86oouvs09ht5v4ukllghispapkhu67ii', '::1', 1496667260, 0x5f5f63695f6c6173745f726567656e65726174657c693a313439363636373230383b),
('4e4j4guct7fie0g12aphccfecb92m3sn', '::1', 1496668024, 0x5f5f63695f6c6173745f726567656e65726174657c693a313439363636383031393b),
('0fmhtm52f8bu4pv10gma1b7tgganfo8s', '::1', 1496668651, 0x5f5f63695f6c6173745f726567656e65726174657c693a313439363636383338383b),
('u3a3ul1s5rtt3s4bel64da1igvrfge4o', '::1', 1496669033, 0x5f5f63695f6c6173745f726567656e65726174657c693a313439363636383733343b),
('lg2l160vcm3ruup3ed9koqpt39fsg6bc', '::1', 1496669241, 0x5f5f63695f6c6173745f726567656e65726174657c693a313439363636393035323b69647c733a313a2232223b6c6f67696e7c733a343a2265706663223b726f6c657c733a353a2261646d696e223b),
('tb5ua3sqdm7ad5s4aoqg7likcbfj6cnb', '::1', 1496669685, 0x5f5f63695f6c6173745f726567656e65726174657c693a313439363636393430303b69647c733a313a2232223b6c6f67696e7c733a343a2265706663223b726f6c657c733a353a2261646d696e223b),
('dortn8ndecnoueobcff7a5fg1ifeavon', '::1', 1496670205, 0x5f5f63695f6c6173745f726567656e65726174657c693a313439363636393930373b69647c733a313a2232223b6c6f67696e7c733a343a2265706663223b726f6c657c733a353a2261646d696e223b),
('vjbph1173fn2u2p04vbb1ce501ut5qeb', '::1', 1496670530, 0x5f5f63695f6c6173745f726567656e65726174657c693a313439363637303233303b69647c733a313a2232223b6c6f67696e7c733a343a2265706663223b726f6c657c733a353a2261646d696e223b),
('sch89knot7cv58k0aigugejb2vv5rtc3', '::1', 1496670941, 0x5f5f63695f6c6173745f726567656e65726174657c693a313439363637303639303b69647c733a313a2232223b6c6f67696e7c733a343a2265706663223b726f6c657c733a353a2261646d696e223b),
('3mi8a1aesltf5pbeq8a81l0ml4vthuhe', '::1', 1496671325, 0x5f5f63695f6c6173745f726567656e65726174657c693a313439363637313138373b69647c733a313a2232223b6c6f67696e7c733a343a2265706663223b726f6c657c733a353a2261646d696e223b),
('797hjgtt0son3lqt20fgok3gk5551f8p', '::1', 1496671866, 0x5f5f63695f6c6173745f726567656e65726174657c693a313439363637313536373b69647c733a313a2232223b6c6f67696e7c733a343a2265706663223b726f6c657c733a353a2261646d696e223b),
('0jagvjnl55l43lfftbl2f7b6l3fcd0n2', '::1', 1496672127, 0x5f5f63695f6c6173745f726567656e65726174657c693a313439363637313837333b69647c733a313a2232223b6c6f67696e7c733a343a2265706663223b726f6c657c733a353a2261646d696e223b),
('17ajl1tg2oj78eev7613akg5h5tm93rd', '::1', 1496672514, 0x5f5f63695f6c6173745f726567656e65726174657c693a313439363637323233343b69647c733a313a2232223b6c6f67696e7c733a343a2265706663223b726f6c657c733a353a2261646d696e223b),
('mg029bodoh8dhd67493eib2ib9o75mpd', '::1', 1496672837, 0x5f5f63695f6c6173745f726567656e65726174657c693a313439363637323538333b69647c733a313a2232223b6c6f67696e7c733a343a2265706663223b726f6c657c733a353a2261646d696e223b6e6f74696669636174696f6e7c613a323a7b733a333a226d7367223b733a34323a224c657320636f6f72646f6ec3a96573206f6e74206269656e20c3a974c3a920616a6f7574c3a965732021223b733a363a22737461747573223b733a373a2273756363657373223b7d5f5f63695f766172737c613a313a7b733a31323a226e6f74696669636174696f6e223b733a333a226f6c64223b7d),
('1mnn3njbep669gjeelkssjp216g8ovve', '::1', 1496673106, 0x5f5f63695f6c6173745f726567656e65726174657c693a313439363637323839383b),
('n0bch1s304akj2tg04d8us3uctu4leig', '::1', 1496676262, 0x5f5f63695f6c6173745f726567656e65726174657c693a313439363637353938333b69647c733a313a2232223b6c6f67696e7c733a343a2265706663223b726f6c657c733a353a2261646d696e223b),
('6n7k6uhs141t2dtrgar3q563afdi6s7f', '::1', 1496676518, 0x5f5f63695f6c6173745f726567656e65726174657c693a313439363637363332383b69647c733a313a2232223b6c6f67696e7c733a343a2265706663223b726f6c657c733a353a2261646d696e223b),
('ok2j6mvqqknnej5bdiuothu50dltir69', '::1', 1496676939, 0x5f5f63695f6c6173745f726567656e65726174657c693a313439363637363637313b69647c733a313a2232223b6c6f67696e7c733a343a2265706663223b726f6c657c733a353a2261646d696e223b),
('0gouhsiiv75m9kpe150pmjoro9v5l135', '::1', 1496677386, 0x5f5f63695f6c6173745f726567656e65726174657c693a313439363637373130343b69647c733a313a2232223b6c6f67696e7c733a343a2265706663223b726f6c657c733a353a2261646d696e223b),
('7411h2f3urd5ah174fq2t913lnv0rlte', '::1', 1496677414, 0x5f5f63695f6c6173745f726567656e65726174657c693a313439363637373431333b69647c733a313a2232223b6c6f67696e7c733a343a2265706663223b726f6c657c733a353a2261646d696e223b),
('0cemn0h49pk5trgob9p6it729ap9mpve', '::1', 1496677682, 0x5f5f63695f6c6173745f726567656e65726174657c693a313439363637373432373b69647c733a313a2232223b6c6f67696e7c733a343a2265706663223b726f6c657c733a353a2261646d696e223b),
('m6isb62rt3i1ujc45g07b91ir0cqa6h2', '::1', 1496677814, 0x5f5f63695f6c6173745f726567656e65726174657c693a313439363637373830393b69647c733a313a2232223b6c6f67696e7c733a343a2265706663223b726f6c657c733a353a2261646d696e223b),
('j80cdnkvmukbg85vmm121vasecf0f8qn', '::1', 1496680543, 0x5f5f63695f6c6173745f726567656e65726174657c693a313439363638303235343b69647c733a313a2232223b6c6f67696e7c733a343a2265706663223b726f6c657c733a353a2261646d696e223b),
('e81tj9gsuf1gjcmhtf8t4ejva6a29flr', '::1', 1496681022, 0x5f5f63695f6c6173745f726567656e65726174657c693a313439363638303737383b69647c733a313a2232223b6c6f67696e7c733a343a2265706663223b726f6c657c733a353a2261646d696e223b),
('r1hes2o41gt1tvr0mn9sju9j02eotcij', '::1', 1496681413, 0x5f5f63695f6c6173745f726567656e65726174657c693a313439363638313131343b69647c733a313a2232223b6c6f67696e7c733a343a2265706663223b726f6c657c733a353a2261646d696e223b),
('ekfq959pcdup6gl3gkufdtanp2vac81m', '::1', 1496681710, 0x5f5f63695f6c6173745f726567656e65726174657c693a313439363638313431393b69647c733a313a2232223b6c6f67696e7c733a343a2265706663223b726f6c657c733a353a2261646d696e223b),
('f2dmrr4d0q8i0rvi64mkkcb1rjdl2geg', '::1', 1496681782, 0x5f5f63695f6c6173745f726567656e65726174657c693a313439363638313737353b69647c733a313a2232223b6c6f67696e7c733a343a2265706663223b726f6c657c733a353a2261646d696e223b);

-- --------------------------------------------------------

--
-- Structure de la table `clubs`
--

CREATE TABLE `clubs` (
  `id` int(10) UNSIGNED NOT NULL COMMENT 'clé primaire',
  `localite_id` int(10) UNSIGNED NOT NULL COMMENT 'clé étrangère',
  `shortname` varchar(7) NOT NULL COMMENT 'abréviation du club',
  `name` varchar(100) NOT NULL COMMENT 'nom du club',
  `address` varchar(100) NOT NULL,
  `coord` varchar(50) DEFAULT NULL
) ENGINE=InnoDB DEFAULT CHARSET=utf8;

--
-- Contenu de la table `clubs`
--

INSERT INTO `clubs` (`id`, `localite_id`, `shortname`, `name`, `address`, `coord`) VALUES
(1, 1, 'RSCA', 'Royal Sporting Club Anderlecht', 'Drève Olympique 1', '50.822118, 4.273013'),
(3, 3, 'cd', 'Club  test', 'rue du test', ''),
(4, 4, 'cr', 'club royal', 'adresse royal', ''),
(6, 8, 'mc', 'mon club', 'mc', ''),
(7, 1, 's', 'clubName', 'clubAddr', ''),
(8, 2, 'xcvxv', 'cvxv', 'xcvxcv', ''),
(9, 3, 'xcvxvc', 'xcvxv', 'xcvxv', ''),
(10, 4, 'dsqd', 'hgfhgfh', 'cbcv', ''),
(11, 3, 'xxcv', 'cvbcbf', 'dfdsf', ''),
(12, 7, 'vcx', 'xcvxvngf', 'xcvds', '');

-- --------------------------------------------------------

--
-- Structure de la table `comments`
--

CREATE TABLE `comments` (
  `id` int(10) UNSIGNED NOT NULL COMMENT 'clé primaire',
  `article_id` int(10) UNSIGNED NOT NULL COMMENT 'clé étrangère',
  `author_id` int(10) UNSIGNED NOT NULL COMMENT 'clé étrangère',
  `content` text NOT NULL COMMENT 'contenu du commentaire',
  `creation_date` datetime NOT NULL DEFAULT CURRENT_TIMESTAMP COMMENT 'date de création du commentaire'
) ENGINE=InnoDB DEFAULT CHARSET=utf8;

--
-- Contenu de la table `comments`
--

INSERT INTO `comments` (`id`, `article_id`, `author_id`, `content`, `creation_date`) VALUES
(2, 21, 2, 'extra !', '2017-06-03 16:56:48'),
(3, 21, 2, 'J''aime !', '2017-06-03 16:58:31'),
(4, 21, 2, 'Bel article', '2017-06-03 17:00:03'),
(5, 21, 2, 'Bof', '2017-06-03 17:00:43'),
(6, 21, 2, 'lol', '2017-06-03 17:08:29'),
(7, 21, 2, 'dfgfdg', '2017-06-03 17:09:25');

-- --------------------------------------------------------

--
-- Structure de la table `demandes`
--

CREATE TABLE `demandes` (
  `id` int(10) UNSIGNED NOT NULL,
  `user_id` int(10) UNSIGNED NOT NULL,
  `category_id` int(10) UNSIGNED NOT NULL,
  `dossard` int(10) UNSIGNED NOT NULL,
  `creation_date` datetime NOT NULL DEFAULT CURRENT_TIMESTAMP
) ENGINE=InnoDB DEFAULT CHARSET=utf8;

-- --------------------------------------------------------

--
-- Structure de la table `epreuves`
--

CREATE TABLE `epreuves` (
  `id` int(10) UNSIGNED NOT NULL COMMENT 'clé primaire',
  `name` varchar(100) NOT NULL COMMENT 'nom de l''épreuve',
  `type` varchar(100) NOT NULL
) ENGINE=InnoDB DEFAULT CHARSET=utf8;

--
-- Contenu de la table `epreuves`
--

INSERT INTO `epreuves` (`id`, `name`, `type`) VALUES
(1, '100m hommes', 'course'),
(2, '100m haies hommes', 'course'),
(3, '100m dames', 'course'),
(4, '100m haies dames', 'course'),
(5, '20km hommes', 'marche'),
(6, '20km dames', 'marche'),
(7, 'longueur hommes', 'saut'),
(8, 'longueur dames', 'saut'),
(9, 'poids hommes', 'lancer'),
(10, 'poids dames', 'lancer'),
(11, 'décathlon hommes', 'épreuves combinées'),
(12, 'décathlon dames', 'épreuves combinées');

-- --------------------------------------------------------

--
-- Structure de la table `events`
--

CREATE TABLE `events` (
  `id` int(10) UNSIGNED NOT NULL COMMENT 'clé primaire',
  `localite_id` int(10) UNSIGNED NOT NULL COMMENT 'clé étrangère',
  `name` varchar(100) NOT NULL COMMENT 'nom de l''événement',
  `description` text NOT NULL COMMENT 'description de l''événement',
  `address` varchar(100) DEFAULT NULL,
  `coord` varchar(50) DEFAULT NULL,
  `category_id` int(10) UNSIGNED NOT NULL COMMENT 'type d''événement',
  `creation_date` datetime NOT NULL DEFAULT CURRENT_TIMESTAMP COMMENT 'date de création de l''événement',
  `date` datetime NOT NULL COMMENT 'date de l''événement'
) ENGINE=InnoDB DEFAULT CHARSET=utf8;

--
-- Contenu de la table `events`
--

INSERT INTO `events` (`id`, `localite_id`, `name`, `description`, `address`, `coord`, `category_id`, `creation_date`, `date`) VALUES
(1, 1, 'Réunion au club', 'Reunion pour parler de l''avance du club', 'Drève Olympique 1', '50.822381, 4.272951', 1, '2017-05-29 19:23:48', '2017-06-15 00:00:00'),
(2, 11, 'Compétition à la Forestoise', 'Nouvelle Compétition', 'Rue de la course', '', 2, '2017-05-30 11:28:47', '2017-09-14 00:00:00'),
(3, 12, 'Compétition au White Star', 'Nouvelle Compétition au White Star', 'Rue du joggin', '', 2, '2017-05-30 11:29:50', '2017-06-07 00:00:00'),
(6, 1, 'cbvcb', 'cvbcvb', 'cvbvbc', '', 1, '2017-06-04 14:18:07', '2017-06-15 00:00:00'),
(7, 3, 'event2', 'sfsf', 'dfgfd', '', 2, '2017-06-04 15:02:49', '2017-06-06 00:00:00'),
(8, 2, 'dsdsf', 'sdfsdf', 'sdfsdf', '', 2, '2017-06-04 15:33:38', '2017-06-04 00:00:00'),
(9, 4, 'fdhdfh', 'dgdfg', 'ccvbcb', '', 1, '2017-06-04 15:35:04', '2017-06-04 00:00:00'),
(10, 4, 'fdhdfh', 'dgdfg', 'ccvbcb', '', 1, '2017-06-04 15:36:13', '2018-06-04 00:00:00'),
(11, 8, 'dsfd', 'sdfdsff', 'dsdsfsf', '', 3, '2017-06-05 16:28:43', '2017-06-14 00:00:00');

-- --------------------------------------------------------

--
-- Structure de la table `localites`
--

CREATE TABLE `localites` (
  `id` int(10) UNSIGNED NOT NULL,
  `postcode` int(11) NOT NULL,
  `city` varchar(70) NOT NULL
) ENGINE=InnoDB DEFAULT CHARSET=utf8;

--
-- Contenu de la table `localites`
--

INSERT INTO `localites` (`id`, `postcode`, `city`) VALUES
(1, 1070, 'Anderlecht'),
(2, 2006, 'testLocalite'),
(3, 2007, 'localite2007'),
(4, 3005, 'testtest'),
(5, 4003, 'Localite4003'),
(6, 478, 'localite478'),
(7, 5003, 'lorm'),
(8, 58, 'loc58'),
(9, 803, 'localite 803'),
(10, 693254, 'loaclite56249'),
(11, 1190, 'Forest'),
(12, 1040, 'Woluwe-Saint-Pierre'),
(13, 1445, 'vcbcvbcb');

-- --------------------------------------------------------

--
-- Structure de la table `results`
--

CREATE TABLE `results` (
  `id` int(10) UNSIGNED NOT NULL COMMENT 'clé primaire',
  `epreuve_id` int(10) UNSIGNED NOT NULL,
  `event_id` int(10) UNSIGNED NOT NULL,
  `athlete_id` int(10) UNSIGNED NOT NULL COMMENT 'clé étrangère',
  `result` float NOT NULL
) ENGINE=InnoDB DEFAULT CHARSET=utf8;

--
-- Contenu de la table `results`
--

INSERT INTO `results` (`id`, `epreuve_id`, `event_id`, `athlete_id`, `result`) VALUES
(1, 1, 2, 5, 10.03),
(2, 2, 3, 3, 450);

-- --------------------------------------------------------

--
-- Structure de la table `roles`
--

CREATE TABLE `roles` (
  `id` int(10) UNSIGNED NOT NULL COMMENT 'clé primaire',
  `name` varchar(20) NOT NULL COMMENT 'nom du rôle'
) ENGINE=InnoDB DEFAULT CHARSET=utf8;

--
-- Contenu de la table `roles`
--

INSERT INTO `roles` (`id`, `name`) VALUES
(1, 'user'),
(2, 'athlete'),
(3, 'admin');

-- --------------------------------------------------------

--
-- Structure de la table `routes`
--

CREATE TABLE `routes` (
  `id` int(10) UNSIGNED NOT NULL,
  `user_id` int(10) UNSIGNED NOT NULL,
  `name` varchar(50) DEFAULT NULL,
  `coord` text NOT NULL
) ENGINE=InnoDB DEFAULT CHARSET=utf8;

--
-- Contenu de la table `routes`
--

INSERT INTO `routes` (`id`, `user_id`, `name`, `coord`) VALUES
(4, 2, 'fghfhh', '{"type":"FeatureCollection","features":[{"type":"Feature","geometry":{"type":"LineString","coordinates":[[4.262634962797165,50.82704438849906],[4.273385256528854,50.8288334858003],[4.279371947050095,50.82560763951266],[4.269072264432907,50.82070067283313],[4.261218756437302,50.8230593344427],[4.262634962797165,50.82704438849906]]},"properties":{}}]}'),
(5, 2, 'dsffs', '{"type":"FeatureCollection","features":[{"type":"Feature","geometry":{"type":"LineString","coordinates":[[4.262084439396858,50.825810955734255],[4.266161397099495,50.822232460889815],[4.261311963200569,50.819195947144905],[4.256205037236214,50.82076845212827],[4.262084439396858,50.825810955734255]]},"properties":{}}]}');

-- --------------------------------------------------------

--
-- Structure de la table `users`
--

CREATE TABLE `users` (
  `id` int(10) UNSIGNED NOT NULL COMMENT 'clé primaire',
  `role_id` int(10) UNSIGNED NOT NULL DEFAULT '1' COMMENT 'clé étrangère',
  `login` varchar(60) NOT NULL COMMENT 'login de l''utilisateur',
  `password` varchar(255) NOT NULL COMMENT 'mot de passe de l''utilisateur',
  `email` varchar(100) NOT NULL COMMENT 'email de l''utilisateur',
  `profile_image` varchar(200) DEFAULT NULL,
  `inscription_date` datetime NOT NULL DEFAULT CURRENT_TIMESTAMP COMMENT 'date d''inscription de l''utilisateur'
) ENGINE=InnoDB DEFAULT CHARSET=utf8;

--
-- Contenu de la table `users`
--

INSERT INTO `users` (`id`, `role_id`, `login`, `password`, `email`, `profile_image`, `inscription_date`) VALUES
(1, 1, 'sdfdsf', '$2y$10$tT3wb2W8FRI3/3qDM39/jOEPL5f7W0DER8u91sC/Ty9CNQ0PvkzJW', 'sfddsfsf@sdfs.com', NULL, '2016-12-02 11:13:12'),
(2, 3, 'epfc', '$2y$10$YItfaVVNPDlXeTiarJRTQeUxlBHRt5GPp1aX4VJvjC5ZRkfWkGD6W', 'epfc@example.io', NULL, '2016-12-02 11:14:42'),
(3, 1, 'epfc123', '$2y$10$NSrI/yuV9Eox/jSCkhmYIOlr67iySmJwjYXX2RMS3QzuFnqzAd6Gy', 'qsdsd@', NULL, '2016-12-02 11:16:32'),
(4, 3, 'kjliu', '$2y$10$LALmWPbc4gCNuziSoeANoexbdSUiaoB4bvn.Gqrs0Y4qbjUoYZvge', 'qsdsqda@ddsd.com', NULL, '2016-12-02 11:18:43'),
(5, 1, 'awssd', '$2y$10$6a88o89SuRv6PV.ujvpv6e2JsuTfqamaZS2HptdKLD6HIS4aav37i', 'lmouf', NULL, '2016-12-02 11:19:47'),
(6, 1, 'ikilljkq', '$2y$10$1qAPzl4DDTGz/bsK9I21h.3.xhDHeoTwaHkKbQ9dfLcuXgsabaKTq', 'plmkaqx', NULL, '2016-12-02 11:20:29'),
(7, 1, 'dsfhjlo', '$2y$10$T3.IsFKTYk/dv/JCyMAoieCORK29Lps4xSq94Y08Id4ZDKrle50tG', 'sdfsfdx', NULL, '2016-12-02 11:21:41'),
(9, 2, 'marc', '$2y$10$azgPsFUMeJmQMZURVwHve.0mGvZliyC0u1sgXoxCtvBTwoI86uAcC', 'marc@marc.com', NULL, '2017-01-01 13:25:49'),
(10, 1, 'jean', '$2y$10$vJhVhiE.6DjwHIJ41PhHyeUxUGp0og8tfxERb3m5myDLF.fMVyfAC', 'jean@jean', NULL, '2017-01-01 13:38:27'),
(11, 2, 'rato', '$2y$10$t7xWqSUNqFJ2ZVrNpUuhQ.7Ccr/cCd3w8NMR.PfmY8UsvJGrsugpG', 'rato@example.com', NULL, '2017-01-12 17:54:32'),
(12, 1, 'test123', '$2y$10$4kkVuDqEZosIYp.mOMqm7.Tl2hJYCNyBuQA3JQbNKiJ5xykaDKZoW', 'test@hotmail.ku', NULL, '2017-02-20 11:42:59'),
(13, 1, 'test456', '$2y$10$Fgas1BxRC.hn9mNu7xF2QeCd3vcaZt3XxCLxUH7CYkHUVzMkN0BGa', 'test456@hotmail.io', NULL, '2017-02-20 11:53:53'),
(14, 1, 'test58', '$2y$10$LNOlG6Zw4kHPf73WzZD6meameyyDmrOgNxU7QT6yIt/q89HFDc6cG', 'test58@hotmail.io', NULL, '2017-02-20 11:55:24'),
(15, 1, 'test47', '$2y$10$L98ya39BJRVLiqWFakdhFery2VYyJagkDpdnoT2L8Qv8D5QkxQPta', 'test47@hotmail.co', NULL, '2017-02-20 11:56:03'),
(16, 1, 'arcol', '$2y$10$9o8VroWmBKh8t77XJnQ6WO9yWeDXFojLzW6nIP9pJuNvwztnmHYC2', 'arcol@', NULL, '2017-04-04 11:08:02'),
(17, 1, 'TestAjout', '$2y$10$j6DcRJrtM7U5Mt.kNH78u.YnAQ3bgGHeuXGbrqC/9WaxRZUx/QoKa', 'test@hotmail.com', NULL, '2017-04-27 14:32:31'),
(19, 2, 'testC', '$2y$10$yzXWE73/r62gNWAjE3xb3.qTHgKdxCYY77Sqm.U1Q5iTL.0gduKXm', 'testC@hotmail.com', NULL, '2017-04-27 14:36:29'),
(20, 2, 'testD', '$2y$10$GFjmkAh.bJwIQUyyNYgzy.whb2f0EKgzZH.ptJoq5BSCZQ2881bVu', 'testD@hotmail.com', NULL, '2017-04-27 14:40:45'),
(22, 1, 'final', '$2y$10$PERM9WiZb92piMRguos2v.tDgyDjVWpgJd1vtFbIZ3DR.fCvI7zyK', 'final@hotmail.com', NULL, '2017-04-28 14:21:30'),
(24, 1, 'jacc', '$2y$10$v5ZLQniv99vl.mWYwfP4huDCSkn8xazV7g11IWp/WOUw/vIKndkeG', 'jac@hotmail.com', NULL, '2017-04-28 14:24:15'),
(27, 1, 'rya', '$2y$10$zuS750jyfnNyOY9e1cF5suBVmtx9Dm7UVpE1jgC9Pw4wS4TrxSqIm', 'ryan@exmple.com', 'defaultProfilePic.png', '2017-05-12 10:32:44'),
(28, 2, 'dyle56', '$2y$10$oMtj9we.d9KIDn2mCUIEd.7iscTTnqjWf5O9/rgSpCe5tpnY4zQfq', 'dyle56@example.com', NULL, '2017-05-25 17:04:10'),
(29, 2, 'athlete2', '$2y$10$3AlL84VMrAZV8UsP7a46/OPdz/GzugbjtMn/fvcPdJplh8zzxVxb6', 'at@example.com', NULL, '2017-05-25 17:11:48'),
(30, 1, 'refact', '$2y$10$IKqYQRxXtc.Vvh9S3cXsKOY4JijX5XVm2kyguUo/JnqbuPrApv60S', 'refact@example.com', 'defaultProfilePic1.png', '2017-05-25 17:23:33'),
(31, 1, 'telech', '$2y$10$2Iu9XvIQ4k8ZRnVuQ01LOO7VATk92SMefDIYD.AzQY1bVVm7K4bxe', 'telech@hotmail.com', 'defaultProfilePic3.png', '2017-05-25 17:36:15'),
(32, 2, 'pope', '$2y$10$AuGUCkpg0GipDJs0kOC4vuzEd9QOEvez7bI4abpa3D/VGzeOsi.yG', 'pope@example.com', NULL, '2017-05-25 17:50:48'),
(33, 2, 'athlete3', '$2y$10$4tvj/SJpTnz2bpcpLDdkBe932cbqCf1P8EByLzPcw0Rtq4FzKjI6e', 'athl@example.com', NULL, '2017-05-25 21:05:15'),
(34, 1, 'athlete4', '$2y$10$im1bkl8jiB0nxYsAKhGTDu7H2tTy4ZOypc6U3Nvp0C/KRqiMEYW9u', 'athlete4@example.com', NULL, '2017-05-25 21:07:45'),
(35, 1, 'thorgal', '$2y$10$mY.Z8kJ5eO8fejnpk/YRy.1XyVq6BDVDkLHwe.GeFfgIRRW6xj2d2', 'thorgal@example.com', NULL, '2017-05-25 21:29:49'),
(36, 2, 'trev', '$2y$10$j1WIHApVNG1eK.r1jaSMDetW02VjVEnQ.Dyahzjg0D3/NOogGt3Tu', 'trev@hotmail.com', NULL, '2017-05-25 21:31:09'),
(37, 2, 'athlete5', '$2y$10$aLzwrgxnPusAGtA.TEavK.916Iu1dKTJtKfVDCct6xx34zgDI9cXy', 'athlete5@hotmail.com', NULL, '2017-05-28 15:33:58'),
(38, 1, 'ath7', '$2y$10$m1ljCf5T441n8IdMCuKmIOFMjf8k8Quc0n1MfQd39VucZYdR2O5Fe', 'ath7@hotmail.com', NULL, '2017-05-28 16:21:44'),
(39, 1, 'ath8', '$2y$10$qegDo0YXI11gNifQrePVkOm2/vVDnbIiLPc7JHtrmaWp8C/SHEbZy', 'ath8@hotmail.com', NULL, '2017-05-28 16:27:28'),
(40, 1, 'Laura', 'laura', 'laura@hotmail.com', NULL, '2017-05-31 14:47:15'),
(41, 1, 'Maria', '$2y$10$/S3.ECuN./8JfmY8pt1t7./81vK1pT2yWkWCHMYIuEOMrVEz8svN.', 'maria@example.com', NULL, '2017-05-31 14:52:43'),
(42, 1, 'Pauline', '$2y$10$39zsKxi7kt4nbBcF3uGvHe3gcDu1QdRUtiGctM.u5m6jOcT6efv/e', 'pauline@hotmail.com', NULL, '2017-05-31 14:57:41'),
(43, 2, 'epfc1', '$2y$10$1kJan.cJgtlHKEjQhkcu/u1VBuJi83JHGEM8HDcKkwiQZSTvJviQi', 'epfc1@hotmail.com', '1faafa242f401fd1c4d93cdce492a8e3.jpg', '2017-05-31 16:09:17'),
(44, 1, 'JeanMarc', '$2y$10$zlEkSHYl3IvaEHHZ96oYr.qMC.6MnJbzgC4IDCbNY8YBBbM9IuApi', 'monemail@example.com', NULL, '2017-06-01 14:58:14'),
(45, 1, 'JeanMarc', '$2y$10$1OhMpRpdwskzuyOGLAvmAeML0gnMpdh/vWAQ.LtUhU4DybUmPmWw.', 'monemail@example.com', NULL, '2017-06-01 15:01:04'),
(46, 1, '', '$2y$10$qR5tn9n7/K.z6y2h6NKk1.LeLTcp7TaKbMCh90n22r4w6eV9ZsQuO', 'monemail@example.com', NULL, '2017-06-01 15:45:39'),
(47, 1, 'JeanMarc', '$2y$10$w5y0.BvxcI/mmfiCXM5uU.nHHlHWcmlDA0Qa916nFvXKhF4kN7Tvi', 'monemail@example.com', NULL, '2017-06-01 15:49:32'),
(48, 1, 'NouvelAthlete', '$2y$10$84PFHaIrLVqQyVFExXvkIepVJABRxdOoGyY0q80KI2rJSIC90S4gu', 'emailathlete@example.com', NULL, '2017-06-01 19:44:37'),
(49, 1, 'NouvelAthlete', '$2y$10$RkP7ibUh7UVnimnm2JwiQ.WOiKKJj9u0iTFQtNDJYtKFuK5ttDSy.', 'emailathlete@example.com', NULL, '2017-06-01 20:03:26'),
(50, 1, 'NouvelAthlete', '$2y$10$0GzffXISD6xlLfJQAY6PrO9/FzQu9oMe62scjYqVI4GAp4Xioli5.', 'emailathlete@example.com', NULL, '2017-06-01 20:03:48'),
(51, 1, 'NouvelAthlete', '$2y$10$sEkuyTWyRCUkO5bADNwCV.7IEmpyVJyiQd/waLEHYaH8UMdbhJxlW', 'emailathlete@example.com', NULL, '2017-06-01 20:04:00'),
(52, 1, 'NouvelAthlete', '$2y$10$nl6Ued1tsbrYXN3WbOqxBOZNEpOnEDxZ6TWkLTCWChtYjtQr0bbNW', 'emailathlete@example.com', NULL, '2017-06-01 20:07:28'),
(53, 1, 'NouvelAthlete', '$2y$10$s2RQbMAKuqyZ222ykHLfL.YzJO1lXBOPrYaLxfRStj0YjKsFTV.LS', 'emailathlete@example.com', NULL, '2017-06-01 20:09:08'),
(54, 1, 'sdfdsfsfd', '$2y$10$Y5CJdArFrSClH2AznB2tre8exAzrLKRnGLugTs5tw9ZCYH4bqXTfm', 'dsfdsf@fdsf.com', NULL, '2017-06-05 15:17:31'),
(55, 1, 'dfgdg', '$2y$10$2T8pMDcfbatzKY9AJolSqui6g/MBAAPGy9Y4d5BKWrmbgQsOX3JBO', 'dgffdg@fsdf.cdsf', NULL, '2017-06-05 15:44:06'),
(56, 2, 'vvxc', '$2y$10$/hpqg0IAcQQ8z44Z//EtfOiBN5u24HWAsf/JryErhIp4zlkSQ/vtS', 'xcvcxv@sdd.com', NULL, '2017-06-05 18:54:28');

--
-- Index pour les tables exportées
--

--
-- Index pour la table `articles`
--
ALTER TABLE `articles`
  ADD PRIMARY KEY (`id`),
  ADD KEY `author` (`author`),
  ADD KEY `category_id` (`category_id`);

--
-- Index pour la table `athletes`
--
ALTER TABLE `athletes`
  ADD PRIMARY KEY (`id`),
  ADD KEY `user_id` (`user_id`),
  ADD KEY `club_id` (`club_id`),
  ADD KEY `category_id` (`category_id`);

--
-- Index pour la table `category`
--
ALTER TABLE `category`
  ADD PRIMARY KEY (`id`);

--
-- Index pour la table `category_athlete`
--
ALTER TABLE `category_athlete`
  ADD PRIMARY KEY (`id`);

--
-- Index pour la table `ci_sessions`
--
ALTER TABLE `ci_sessions`
  ADD KEY `ci_sessions_timestamp` (`timestamp`);

--
-- Index pour la table `clubs`
--
ALTER TABLE `clubs`
  ADD PRIMARY KEY (`id`),
  ADD KEY `address_id` (`localite_id`);

--
-- Index pour la table `comments`
--
ALTER TABLE `comments`
  ADD PRIMARY KEY (`id`),
  ADD KEY `article_id` (`article_id`),
  ADD KEY `author_id` (`author_id`);

--
-- Index pour la table `demandes`
--
ALTER TABLE `demandes`
  ADD PRIMARY KEY (`id`),
  ADD KEY `user_id` (`user_id`),
  ADD KEY `catgory_id` (`category_id`);

--
-- Index pour la table `epreuves`
--
ALTER TABLE `epreuves`
  ADD PRIMARY KEY (`id`);

--
-- Index pour la table `events`
--
ALTER TABLE `events`
  ADD PRIMARY KEY (`id`),
  ADD KEY `localite_id` (`localite_id`),
  ADD KEY `category_id` (`category_id`);

--
-- Index pour la table `localites`
--
ALTER TABLE `localites`
  ADD PRIMARY KEY (`id`);

--
-- Index pour la table `results`
--
ALTER TABLE `results`
  ADD PRIMARY KEY (`id`),
  ADD KEY `athlete_id` (`athlete_id`),
  ADD KEY `event_id` (`event_id`),
  ADD KEY `epreuve_id` (`epreuve_id`);

--
-- Index pour la table `roles`
--
ALTER TABLE `roles`
  ADD PRIMARY KEY (`id`);

--
-- Index pour la table `routes`
--
ALTER TABLE `routes`
  ADD PRIMARY KEY (`id`),
  ADD KEY `user_id` (`user_id`);

--
-- Index pour la table `users`
--
ALTER TABLE `users`
  ADD PRIMARY KEY (`id`),
  ADD KEY `id_user_role` (`role_id`);

--
-- AUTO_INCREMENT pour les tables exportées
--

--
-- AUTO_INCREMENT pour la table `articles`
--
ALTER TABLE `articles`
  MODIFY `id` int(10) UNSIGNED NOT NULL AUTO_INCREMENT COMMENT 'clé primaire', AUTO_INCREMENT=29;
--
-- AUTO_INCREMENT pour la table `athletes`
--
ALTER TABLE `athletes`
  MODIFY `id` int(10) UNSIGNED NOT NULL AUTO_INCREMENT COMMENT 'clé primaire', AUTO_INCREMENT=14;
--
-- AUTO_INCREMENT pour la table `category`
--
ALTER TABLE `category`
  MODIFY `id` int(10) UNSIGNED NOT NULL AUTO_INCREMENT, AUTO_INCREMENT=4;
--
-- AUTO_INCREMENT pour la table `category_athlete`
--
ALTER TABLE `category_athlete`
  MODIFY `id` int(11) UNSIGNED NOT NULL AUTO_INCREMENT, AUTO_INCREMENT=8;
--
-- AUTO_INCREMENT pour la table `clubs`
--
ALTER TABLE `clubs`
  MODIFY `id` int(10) UNSIGNED NOT NULL AUTO_INCREMENT COMMENT 'clé primaire', AUTO_INCREMENT=13;
--
-- AUTO_INCREMENT pour la table `comments`
--
ALTER TABLE `comments`
  MODIFY `id` int(10) UNSIGNED NOT NULL AUTO_INCREMENT COMMENT 'clé primaire', AUTO_INCREMENT=8;
--
-- AUTO_INCREMENT pour la table `demandes`
--
ALTER TABLE `demandes`
  MODIFY `id` int(10) UNSIGNED NOT NULL AUTO_INCREMENT;
--
-- AUTO_INCREMENT pour la table `epreuves`
--
ALTER TABLE `epreuves`
  MODIFY `id` int(10) UNSIGNED NOT NULL AUTO_INCREMENT COMMENT 'clé primaire', AUTO_INCREMENT=13;
--
-- AUTO_INCREMENT pour la table `events`
--
ALTER TABLE `events`
  MODIFY `id` int(10) UNSIGNED NOT NULL AUTO_INCREMENT COMMENT 'clé primaire', AUTO_INCREMENT=12;
--
-- AUTO_INCREMENT pour la table `localites`
--
ALTER TABLE `localites`
  MODIFY `id` int(10) UNSIGNED NOT NULL AUTO_INCREMENT, AUTO_INCREMENT=14;
--
-- AUTO_INCREMENT pour la table `results`
--
ALTER TABLE `results`
  MODIFY `id` int(10) UNSIGNED NOT NULL AUTO_INCREMENT COMMENT 'clé primaire', AUTO_INCREMENT=3;
--
-- AUTO_INCREMENT pour la table `roles`
--
ALTER TABLE `roles`
  MODIFY `id` int(10) UNSIGNED NOT NULL AUTO_INCREMENT COMMENT 'clé primaire', AUTO_INCREMENT=4;
--
-- AUTO_INCREMENT pour la table `routes`
--
ALTER TABLE `routes`
  MODIFY `id` int(10) UNSIGNED NOT NULL AUTO_INCREMENT, AUTO_INCREMENT=6;
--
-- AUTO_INCREMENT pour la table `users`
--
ALTER TABLE `users`
  MODIFY `id` int(10) UNSIGNED NOT NULL AUTO_INCREMENT COMMENT 'clé primaire', AUTO_INCREMENT=57;
--
-- Contraintes pour les tables exportées
--

--
-- Contraintes pour la table `articles`
--
ALTER TABLE `articles`
  ADD CONSTRAINT `articles_ibfk_1` FOREIGN KEY (`author`) REFERENCES `users` (`id`) ON UPDATE CASCADE,
  ADD CONSTRAINT `articles_ibfk_2` FOREIGN KEY (`category_id`) REFERENCES `category` (`id`);

--
-- Contraintes pour la table `athletes`
--
ALTER TABLE `athletes`
  ADD CONSTRAINT `athletes_ibfk_1` FOREIGN KEY (`user_id`) REFERENCES `users` (`id`) ON UPDATE CASCADE,
  ADD CONSTRAINT `athletes_ibfk_2` FOREIGN KEY (`club_id`) REFERENCES `clubs` (`id`) ON UPDATE CASCADE,
  ADD CONSTRAINT `athletes_ibfk_3` FOREIGN KEY (`category_id`) REFERENCES `category_athlete` (`id`) ON UPDATE CASCADE;

--
-- Contraintes pour la table `clubs`
--
ALTER TABLE `clubs`
  ADD CONSTRAINT `clubs_ibfk_1` FOREIGN KEY (`localite_id`) REFERENCES `localites` (`id`);

--
-- Contraintes pour la table `comments`
--
ALTER TABLE `comments`
  ADD CONSTRAINT `comments_ibfk_2` FOREIGN KEY (`author_id`) REFERENCES `users` (`id`) ON UPDATE CASCADE,
  ADD CONSTRAINT `comments_ibfk_3` FOREIGN KEY (`article_id`) REFERENCES `articles` (`id`) ON DELETE CASCADE ON UPDATE CASCADE;

--
-- Contraintes pour la table `demandes`
--
ALTER TABLE `demandes`
  ADD CONSTRAINT `demandes_ibfk_1` FOREIGN KEY (`user_id`) REFERENCES `users` (`id`) ON UPDATE CASCADE,
  ADD CONSTRAINT `demandes_ibfk_2` FOREIGN KEY (`category_id`) REFERENCES `category_athlete` (`id`) ON UPDATE CASCADE;

--
-- Contraintes pour la table `events`
--
ALTER TABLE `events`
  ADD CONSTRAINT `events_ibfk_1` FOREIGN KEY (`localite_id`) REFERENCES `localites` (`id`) ON UPDATE CASCADE,
  ADD CONSTRAINT `events_ibfk_2` FOREIGN KEY (`category_id`) REFERENCES `category` (`id`);

--
-- Contraintes pour la table `results`
--
ALTER TABLE `results`
  ADD CONSTRAINT `results_ibfk_1` FOREIGN KEY (`athlete_id`) REFERENCES `athletes` (`id`) ON UPDATE CASCADE,
  ADD CONSTRAINT `results_ibfk_2` FOREIGN KEY (`event_id`) REFERENCES `events` (`id`) ON UPDATE CASCADE,
  ADD CONSTRAINT `results_ibfk_3` FOREIGN KEY (`epreuve_id`) REFERENCES `epreuves` (`id`) ON UPDATE CASCADE;

--
-- Contraintes pour la table `routes`
--
ALTER TABLE `routes`
  ADD CONSTRAINT `routes_ibfk_1` FOREIGN KEY (`user_id`) REFERENCES `users` (`id`) ON UPDATE CASCADE;

--
-- Contraintes pour la table `users`
--
ALTER TABLE `users`
  ADD CONSTRAINT `users_ibfk_1` FOREIGN KEY (`role_id`) REFERENCES `roles` (`id`) ON UPDATE CASCADE;

/*!40101 SET CHARACTER_SET_CLIENT=@OLD_CHARACTER_SET_CLIENT */;
/*!40101 SET CHARACTER_SET_RESULTS=@OLD_CHARACTER_SET_RESULTS */;
/*!40101 SET COLLATION_CONNECTION=@OLD_COLLATION_CONNECTION */;
